customer_id,recency_days,frequency,monetary,cluster
12346,530,11,372.8599999999999,0
12347,3,8,4921.530000000001,2
12348,76,5,2019.4,1
12349,19,4,4428.69,2
12350,311,1,334.40000000000003,0
12351,376,1,300.93,0
12352,37,10,2729.5099999999998,2
12353,205,2,406.75999999999993,1
12354,233,1,1079.4,1
12355,215,2,947.6099999999999,1
12356,23,6,6371.729999999999,2
12357,34,3,18287.65999999999,2
12358,2,5,3887.07,2
12359,58,10,8765.289999999999,2
12360,53,7,4212.889999999999,2
12361,288,4,511.25,1
12362,4,11,5307.380000000001,2
12363,110,2,552.0,1
12364,8,4,1313.1,1
12365,292,2,641.38,1
12366,634,1,500.24,0
12367,5,1,168.9,1
12368,629,1,917.6999999999999,0
12369,414,3,1791.1499999999999,0
12370,52,7,4316.559999999999,2
12371,45,5,4067.38,2
12372,72,3,1298.04,1
12373,312,3,1127.65,1
12374,26,4,2989.2200000000003,1
12375,11,2,457.50000000000006,1
12376,390,2,503.15,0
12377,316,4,3426.3199999999997,1
12378,130,2,5416.3200000000015,1
12379,82,4,1620.22,1
12380,22,11,9640.900000000001,2
12381,5,5,1830.3099999999997,1
12383,185,5,1850.56,1
12384,29,2,585.27,1
12385,380,1,1938.3999999999999,0
12386,338,2,401.90000000000003,0
12387,416,1,143.94,0
12388,16,8,3901.1100000000006,2
12389,403,3,1433.3299999999997,0
12390,80,1,549.8399999999999,1
12391,22,6,2724.84,2
12392,592,1,234.75000000000003,0
12393,73,6,2399.4500000000003,2
12394,64,2,1272.48,1
12395,20,15,4706.32,2
12396,675,1,931.4300000000006,0
12397,36,2,2409.8999999999996,1
12398,46,1,1635.6599999999999,1
12399,120,7,1962.3000000000002,2
12400,415,1,205.25,0
12401,304,1,84.3,0
12402,324,6,1244.15,1
12403,50,2,1019.3600000000001,1
12404,683,1,63.24,0
12405,149,1,1710.3900000000006,1
12406,23,5,6087.160000000001,2
12407,50,5,1708.1200000000001,1
12408,33,8,4313.17,2
12409,79,6,23101.26,2
12410,309,3,1013.7099999999999,1
12411,410,1,346.9,0
12412,75,6,2596.9300000000003,2
12413,67,4,945.45,1
12414,218,4,692.4100000000001,1
12415,25,26,143350.72,2
12416,657,1,202.56,0
12417,4,20,6777.459999999999,2
12418,113,4,2021.1999999999998,1
12419,386,2,503.01,0
12420,64,1,600.3900000000001,1
12421,16,6,1098.6000000000001,1
12422,96,16,5133.8,2
12423,1,10,2612.1900000000005,2
12424,163,4,3340.0300000000007,1
12425,79,2,1680.81,1
12426,195,2,1329.3100000000004,1
12427,22,3,765.3200000000002,1
12428,26,9,7956.46,2
12429,10,8,6204.41,2
12430,44,1,256.4,1
12431,36,27,10325.760000000002,2
12432,43,5,5059.320000000001,2
12433,1,10,16794.14,2
12434,85,3,1080.2799999999997,1
12435,80,6,13925.929999999998,2
12436,100,1,509.01000000000005,1
12437,2,39,12581.0,2
12438,15,2,2906.85,1
12439,683,2,1089.1800000000005,0
12440,463,2,768.1500000000001,0
12441,367,1,173.55,0
12442,4,1,172.06,1
12443,733,1,485.31000000000006,0
12444,22,5,5005.46,2
12445,23,2,434.98,1
12446,58,1,1002.3099999999998,1
12447,244,1,476.49,1
12448,45,1,449.4500000000001,1
12449,23,6,4835.89,2
12450,157,5,673.35,1
12451,11,8,12567.88,2
12452,17,2,428.57000000000005,1
12453,135,1,707.0899999999999,1
12454,396,2,4318.959999999999,0
12455,74,10,5879.949999999999,2
12456,45,3,3181.04,1
12457,67,7,2620.56,2
12458,72,4,1777.4900000000002,1
12459,606,1,454.3599999999999,0
12460,457,1,326.65,0
12461,95,2,826.8800000000001,1
12462,19,2,1189.59,1
12463,54,4,1288.9799999999996,1
12464,11,8,1212.05,2
12465,18,2,742.19,1
12466,683,1,56.73,0
12468,188,5,3670.7400000000007,2
12469,523,2,3070.54,0
12470,690,1,211.95000000000002,0
12471,3,79,39457.28999999999,2
12472,33,19,16156.24,2
12473,30,4,2882.99,1
12474,18,31,12173.32,2
12475,54,2,1149.64,1
12476,16,23,13942.559999999998,2
12477,23,9,20197.870000000003,2
12478,4,1,680.9900000000002,1
12479,12,1,507.2,1
12480,29,7,5450.0,2
12481,23,15,12067.61,2
12482,577,27,21941.719999999998,2
12483,18,19,4913.78,2
12484,33,12,6341.35,2
12485,530,1,708.0999999999999,0
12486,432,1,1037.2800000000002,0
12487,731,1,285.29999999999995,0
12488,10,3,1298.66,1
12489,337,1,334.92999999999995,0
12490,6,21,9823.639999999998,2
12491,39,1,460.4000000000001,1
12492,64,3,715.21,1
12493,166,2,416.79,1
12494,16,9,1728.62,2
12495,641,1,323.4,0
12496,621,2,45.339999999999996,0
12497,82,3,6248.499999999998,2
12498,22,3,403.7,1
12499,561,1,393.71999999999997,0
12500,24,19,5910.710000000001,2
12501,337,1,2139.3899999999994,0
12502,96,5,3723.8699999999994,2
12503,585,1,1126.0,0
12504,19,4,443.65,1
12505,409,1,935.3000000000001,0
12506,233,1,73.50000000000003,0
12507,135,4,1844.06,1
12508,27,2,397.88000000000005,1
12509,285,1,176.5,0
12510,143,7,3734.03,2
12511,429,1,3074.07,0
12512,67,2,132.18000000000006,1
12513,113,1,586.7900000000001,1
12514,268,2,1597.7600000000002,1
12515,354,1,383.7,0
12516,78,4,2648.62,1
12517,29,5,2461.8,2
12518,1,5,2056.89,1
12519,64,2,686.8399999999999,1
12520,80,5,2608.01,2
12521,143,1,599.6800000000001,1
12522,40,2,192.72000000000003,1
12523,20,23,4267.95,2
12524,10,17,11091.359999999999,2
12525,499,3,943.8799999999999,0
12526,1,3,1316.6599999999999,1
12527,82,5,735.5099999999999,1
12528,10,6,1933.4799999999998,2
12529,529,1,316.47999999999996,0
12530,60,9,3728.6600000000003,2
12531,15,2,1918.3499999999997,1
12532,31,1,349.83,1
12533,628,2,1219.2400000000002,0
12534,131,1,1089.18,1
12535,92,2,716.3500000000001,1
12536,44,3,12486.100000000002,2
12537,409,1,732.9399999999998,0
12538,30,2,640.45,1
12539,23,7,11214.749999999996,2
12540,20,33,22120.04,2
12541,30,3,981.1799999999998,1
12542,485,2,443.3299999999999,0
12543,449,1,980.2500000000002,0
12544,37,1,372.7,1
12545,76,2,1000.39,1
12546,47,2,1141.5,1
12547,198,3,383.58000000000004,1
12548,167,1,95.19999999999999,1
12549,576,6,1575.68,0
12550,80,1,964.8299999999994,1
12551,358,1,168.0,0
12552,39,2,437.81999999999994,1
12553,9,12,4552.55,2
12554,449,1,468.49999999999994,0
12555,683,1,129.23,0
12556,51,2,599.5599999999997,1
12557,17,8,18096.14,2
12559,311,2,536.2099999999999,0
12560,6,3,2134.01,1
12561,303,1,238.85,0
12562,9,9,4966.92,2
12563,409,1,249.24,0
12564,262,1,456.9000000000001,0
12565,289,1,145.92,0
12566,87,1,351.65000000000003,1
12567,23,15,11451.44,2
12568,645,1,70.0,0
12569,3,32,4088.6900000000005,2
12570,683,1,77.52,0
12571,40,2,519.61,1
12572,9,2,1020.4200000000003,1
12573,228,5,717.4099999999999,1
12574,316,1,218.45000000000002,0
12575,458,2,622.8199999999999,0
12576,36,8,2100.22,2
12577,36,8,1617.0999999999997,2
12578,22,4,4642.45,2
12579,79,1,428.71999999999997,1
12580,247,2,1052.9,1
12581,40,1,197.70999999999998,1
12582,239,4,1980.4,1
12583,3,27,13512.739999999998,2
12584,4,9,2137.95,2
12585,235,2,2040.1,1
12586,18,4,2045.67,1
12587,8,1,144.0,1
12588,40,4,943.93,1
12589,29,8,4100.37,2
12590,212,2,9864.260000000004,2
12591,318,3,1338.9499999999998,1
12592,93,4,1867.6400000000008,1
12593,109,3,418.1,1
12594,38,15,5027.51,2
12595,505,1,299.02000000000004,0
12596,52,2,618.27,1
12597,20,4,3712.220000000001,2
12598,10,11,4493.370000000001,2
12599,30,13,2296.72,2
12600,29,21,4949.42,2
12601,190,6,681.2600000000001,1
12602,59,1,153.12000000000003,1
12603,22,1,739.1999999999999,1
12604,80,2,254.18,1
12605,377,4,1232.9499999999994,0
12606,683,1,21.0,0
12608,405,1,415.78999999999996,0
12609,79,9,3435.86,2
12610,23,5,2066.2400000000002,1
12611,53,1,1193.32,1
12612,75,1,704.0400000000001,1
12613,58,10,6685.82,2
12614,278,1,315.59999999999997,0
12615,3,8,5605.629999999999,2
12616,96,3,1101.4,1
12617,30,1,352.9800000000002,1
12618,22,1,177.31,1
12619,17,9,3358.7000000000003,2
12620,15,3,1339.4099999999999,1
12621,2,35,24194.699999999997,2
12622,233,1,180.09999999999997,0
12623,277,7,3711.8400000000006,2
12624,107,2,641.13,1
12625,212,4,5125.28,2
12626,24,9,6438.690000000002,2
12627,11,7,4478.530000000001,2
12628,5,3,786.46,1
12629,386,2,1558.2199999999998,0
12630,10,2,1270.8799999999999,1
12631,58,6,3459.0699999999997,2
12632,521,2,785.08,0
12633,59,7,5635.71,2
12634,536,2,490.0,0
12635,90,4,2930.4099999999994,1
12636,739,1,141.0,0
12637,68,12,8229.810000000001,2
12638,34,2,921.49,1
12639,239,3,1312.3700000000001,1
12640,24,3,1174.58,1
12641,116,1,185.9,1
12642,26,3,1013.2600000000001,1
12643,129,12,7848.820000000001,2
12644,130,4,1856.9400000000005,1
12645,34,8,3509.3,2
12646,5,2,1346.9699999999998,1
12647,23,36,16812.399999999994,2
12648,155,4,1112.0,1
12649,108,8,2274.85,2
12650,4,1,314.44,1
12651,335,4,377.75,0
12652,332,2,1017.0299999999997,0
12653,149,3,4160.83,1
12654,11,5,601.98,1
12655,424,1,261.35,0
12656,18,8,6392.9800000000005,2
12657,12,4,1152.06,1
12658,19,1,686.0500000000001,1
12659,30,1,91.68,1
12660,12,1,245.10000000000002,1
12661,437,1,162.00000000000003,0
12662,1,20,6693.84,2
12663,625,2,204.0,0
12664,9,11,6030.04,2
12665,325,3,313.6,0
12666,395,1,1020.9800000000002,0
12667,59,1,620.13,1
12668,12,10,11348.230000000003,2
12669,151,2,1607.7300000000002,1
12670,11,7,3760.29,2
12671,607,1,2622.481000000001,0
12672,330,2,419.20000000000005,0
12673,6,3,1230.02,1
12674,39,4,1940.6,1
12675,554,2,944.5000000000002,0
12676,25,11,2773.09,2
12677,556,2,395.1,0
12678,43,21,34128.18000000001,2
12679,59,4,1097.42,1
12680,1,4,880.8099999999998,1
12681,15,45,29750.010000000002,2
12682,4,52,22950.220000000005,2
12683,5,21,11556.720000000001,2
12684,8,7,2283.63,2
12685,29,6,2863.08,2
12686,372,1,89.14,0
12687,481,2,2138.9100000000003,0
12688,114,1,4873.810000000005,1
12689,26,2,1247.6100000000004,1
12690,206,1,389.00999999999993,1
12691,29,7,1170.4,1
12692,638,1,110.95,0
12693,128,7,1665.37,2
12694,71,3,1843.3500000000004,1
12695,8,7,1407.12,2
12696,435,2,851.9100000000001,0
12697,29,3,957.5900000000001,1
12698,591,1,339.75000000000006,0
12699,418,1,638.1100000000001,0
12700,8,4,4939.99,2
12701,80,6,2446.41,2
12702,20,1,219.0,1
12703,72,4,903.5799999999998,1
12704,8,8,2220.8399999999997,2
12705,16,14,11682.550000000001,2
12707,292,1,603.42,0
12708,30,18,5072.0599999999995,2
12709,16,34,30214.460000000003,2
12710,97,3,1149.0200000000004,1
12711,612,2,1339.0500000000002,0
12712,29,21,6554.7300000000005,2
12713,1,1,848.5499999999998,1
12714,10,12,14093.71,2
12715,107,1,343.35999999999996,1
12716,4,2,1053.4899999999996,1
12717,152,3,1258.91,1
12718,72,1,238.25000000000003,1
12719,6,2,609.55,1
12720,3,30,7769.430000000002,2
12721,32,8,3973.2799999999997,2
12722,86,4,963.73,1
12723,4,5,725.0699999999999,1
12724,6,7,2317.52,2
12725,372,4,2266.7600000000007,1
12726,29,11,4014.6,2
12727,11,10,5664.530000000001,2
12728,72,5,1070.17,1
12729,114,1,453.0100000000001,1
12730,522,1,829.2500000000001,0
12731,24,17,25684.209999999992,2
12732,180,1,236.2600000000001,1
12733,235,4,2424.87,1
12734,353,3,639.65,0
12735,316,2,779.5699999999998,0
12736,333,1,234.00000000000003,0
12737,499,2,3710.5,0
12738,373,1,155.35,0
12739,79,4,2726.7299999999996,1
12740,64,1,427.5999999999999,1
12741,530,2,406.07000000000005,0
12742,626,1,1185.02,0
12743,135,2,540.1299999999998,1
12744,52,9,19226.22,2
12745,487,3,925.4099999999999,0
12746,541,1,254.54999999999998,0
12747,3,26,8866.23,2
12748,1,325,50748.56999999994,2
12749,4,9,6798.360000000001,2
12750,129,1,275.88,1
12751,445,1,268.27,0
12752,82,1,4366.779999999999,1
12753,23,6,21327.39,2
12754,236,3,3010.74,1
12755,281,3,4429.449999999999,1
12756,87,1,112.08000000000001,1
12757,16,9,4220.250000000004,2
12758,117,7,9802.4,2
12759,53,8,5020.740000000001,2
12760,456,1,347.8,0
12761,458,2,782.95,0
12762,8,2,1898.5200000000004,1
12763,139,2,494.08,1
12764,317,1,1693.8800000000003,0
12765,473,6,1404.58,0
12766,4,9,8898.99,2
12767,376,1,949.8199999999999,0
12769,239,1,1143.6000000000001,1
12770,211,2,3042.45,1
12771,486,1,262.5,0
12772,60,1,892.4700000000004,1
12774,536,1,98.7,0
12775,18,7,1651.32,2
12776,668,1,55.5,0
12777,458,1,519.4499999999999,0
12778,20,9,1760.68,2
12779,38,14,6208.91,2
12780,599,1,337.39999999999986,0
12781,64,2,750.98,1
12782,5,11,4573.240000000001,2
12783,3,4,1603.8700000000001,1
12784,10,3,1763.1500000000003,1
12785,365,3,1085.55,0
12786,610,1,728.4999999999999,0
12787,10,4,844.1800000000001,1
12788,464,4,444.9000000000001,0
12789,66,3,273.35,1
12790,193,2,571.95,1
12791,374,6,863.51,0
12792,257,2,827.01,1
12793,335,3,885.53,0
12794,54,2,860.4100000000001,1
12795,19,1,430.4800000000001,1
12796,629,1,381.0,0
12797,366,2,477.38,0
12798,11,4,8510.93,2
12799,530,1,219.35000000000002,0
12800,471,3,584.25,0
12801,501,1,1071.82,0
12802,187,7,2350.4200000000005,2
12803,394,1,1092.81,0
12804,466,2,325.36999999999995,0
12805,382,4,1434.95,0
12806,436,4,2878.959999999999,0
12807,384,1,330.34999999999997,0
12808,37,5,776.6999999999999,1
12809,178,3,1755.94,1
12810,535,2,534.9900000000001,0
12811,261,5,1033.9,1
12812,45,1,229.63999999999993,1
12813,502,3,1687.8000000000002,0
12814,102,1,125.92,1
12815,148,2,1063.46,1
12816,96,2,572.2,1
12817,282,3,690.98,1
12818,262,1,1542.08,1
12819,459,1,540.5200000000001,0
12820,4,11,2651.2400000000002,2
12821,215,2,220.8,1
12822,71,2,918.9799999999999,1
12823,75,18,6501.5,2
12824,60,1,397.11999999999995,1
12825,522,2,518.63,0
12826,3,12,2790.8,2
12827,6,3,430.15,1
12828,3,6,1018.7100000000003,1
12829,337,3,385.3,0
12830,38,6,6814.64,2
12831,263,3,451.11,1
12832,33,2,383.03,1
12833,146,1,417.37999999999994,1
12834,283,1,312.38,0
12835,428,41,5991.330000000002,2
12836,60,15,6559.73,2
12837,174,2,662.66,1
12838,34,10,2970.960000000001,2
12839,3,26,9624.27,2
12840,144,7,4030.2699999999995,2
12841,5,40,6907.67,2
12842,71,4,1917.99,1
12843,66,30,6439.21,2
12844,30,4,648.6,1
12845,268,4,354.09000000000003,1
12846,683,1,15.58,0
12847,23,2,1608.9999999999998,1
12848,676,1,208.00000000000003,0
12849,32,6,3042.4700000000003,2
12850,446,1,330.0,0
12851,97,2,280.76,1
12852,295,1,311.54999999999995,0
12853,135,11,3854.5,2
12854,79,7,2931.0699999999997,2
12855,373,4,612.8400000000004,0
12856,8,6,2170.7799999999997,2
12857,211,6,3688.0,2
12858,384,1,147.26999999999998,0
12859,459,1,575.0999999999999,0
12860,694,1,54.22,0
12861,620,1,68.25,0
12862,426,2,984.6200000000003,0
12863,53,6,2792.5499999999997,2
12864,139,2,299.57,1
12865,27,4,3303.3099999999995,2
12866,284,3,1227.35,1
12867,27,13,7803.509999999999,2
12868,186,8,2043.7600000000002,2
12869,682,1,337.66999999999996,0
12870,376,3,1676.9500000000003,0
12871,85,3,744.02,1
12872,327,12,3283.959999999999,2
12873,283,3,2027.3000000000004,1
12874,386,2,933.4200000000001,0
12875,144,5,1356.99,1
12876,58,4,4081.790000000001,2
12877,4,20,2942.14,2
12878,237,2,854.99,1
12879,45,3,573.22,1
12880,382,2,640.13,0
12881,276,1,298.0,0
12882,10,2,1463.0399999999995,1
12883,25,4,703.47,1
12884,89,1,309.05000000000007,1
12885,64,3,1158.2699999999995,1
12886,68,2,1378.4,1
12887,384,1,222.4,0
12888,215,2,354.12,1
12889,382,4,370.61000000000007,0
12890,25,2,706.0199999999998,1
12891,186,10,819.5,2
12892,397,1,263.37999999999994,0
12893,31,1,176.55,1
12894,576,1,157.35,0
12895,43,2,355.79999999999995,1
12897,205,4,514.25,1
12898,464,2,296.21000000000004,0
12899,414,1,366.4,0
12900,423,1,340.33000000000004,0
12901,9,27,17167.7,2
12902,265,1,138.68,0
12903,429,1,833.5300000000001,0
12904,19,2,496.05999999999995,1
12905,577,2,1018.4200000000002,0
12906,12,5,2919.8099999999995,2
12907,396,2,508.9099999999999,0
12908,177,4,1458.0,1
12909,40,8,3049.790000000001,2
12910,24,13,5747.02,2
12911,552,1,1651.7199999999998,0
12912,3,5,1662.3,1
12913,5,13,6283.24,2
12914,401,1,223.98,0
12915,149,4,922.6999999999998,1
12916,139,7,4457.93,2
12917,129,6,4359.2,2
12919,9,6,1335.1899999999998,1
12920,18,4,486.64,1
12921,10,73,34302.48999999998,2
12922,162,1,405.38,1
12923,65,3,770.4200000000001,1
12924,89,12,2465.65,2
12925,5,3,729.3299999999999,1
12926,412,4,1523.9699999999998,0
12927,395,1,197.31,0
12928,36,12,4304.889999999999,2
12929,312,1,102.9,0
12930,79,2,415.8,1
12931,22,55,78328.9,2
12932,540,8,1698.5600000000004,0
12933,25,8,1617.6799999999998,2
12934,737,1,181.65,0
12935,3,15,4203.56,2
12936,18,4,1063.9,1
12937,16,9,3097.6099999999997,2
12938,26,1,114.14,1
12939,65,20,25264.799999999996,2
12940,55,2,899.69,1
12941,725,1,377.4900000000002,0
12942,132,3,675.5999999999999,1
12943,559,2,496.4999999999999,0
12944,36,2,604.51,1
12945,289,2,900.1100000000001,1
12946,437,1,324.45,0
12947,144,6,1437.14,1
12948,17,9,2317.43,2
12949,31,22,15471.199999999993,2
12950,3,3,1843.0,1
12951,9,15,3184.32,2
12952,6,4,1387.79,1
12953,10,2,828.81,1
12954,639,1,162.45,0
12955,2,11,4740.16,2
12956,307,4,521.8899999999999,1
12957,10,13,8706.97,2
12958,401,2,467.3399999999999,0
12959,485,1,150.95000000000002,0
12960,414,4,1322.07,0
12961,380,1,211.99,0
12962,8,2,266.39000000000004,1
12963,9,12,3182.6899999999996,2
12964,438,1,132.24,0
12965,90,1,769.8099999999997,1
12966,10,1,160.18,1
12967,359,3,2885.7200000000003,1
12968,113,1,135.95,1
12969,603,1,122.45,0
12970,8,10,1453.6,2
12971,4,115,15222.850000000002,2
12972,414,4,1161.2000000000003,0
12973,414,1,385.55,0
12974,198,2,408.95000000000005,1
12975,437,6,2019.4900000000007,0
12976,212,8,3156.38,2
12977,157,4,513.8799999999999,1
12978,386,5,2502.819999999999,1
12979,730,1,479.54000000000013,0
12980,158,21,16245.780000000002,2
12981,30,2,372.22,1
12982,243,8,2702.51,2
12983,599,1,490.08,0
12984,19,1,97.5,1
12985,1,2,1215.62,1
12986,429,10,2275.9799999999996,2
12987,74,5,1312.21,1
12988,293,1,505.82,0
12989,4,33,13242.150000000001,2
12990,32,7,955.5,1
12991,24,3,764.8199999999999,1
12992,726,1,93.35000000000001,0
12993,24,8,1204.4599999999998,2
12994,5,3,961.6700000000001,1
12995,86,1,211.32,1
12996,376,1,355.5,0
12997,23,8,2110.91,2
12998,493,3,909.8800000000001,0
12999,197,3,455.8799999999999,1
13000,107,4,1005.5000000000003,1
13001,5,33,24032.450000000004,2
13002,319,3,414.13,0
13003,106,3,149.05,1
13004,12,36,11238.510000000002,2
13005,174,4,939.98,1
13006,57,1,81.57,1
13007,580,1,175.25,0
13008,324,3,561.13,0
13009,673,1,234.0,0
13010,375,2,330.12,0
13011,373,1,50.550000000000004,0
13012,10,10,2588.36,2
13013,2,29,11097.430000000002,2
13014,11,11,5295.980000000001,2
13015,54,11,6473.7300000000005,2
13016,74,3,789.8899999999996,1
13017,8,1,204.0,1
13018,17,35,9763.160000000002,2
13019,380,6,1229.95,0
13020,563,2,618.96,0
13021,5,17,4852.11,2
13022,430,1,65.3,0
13023,65,3,1449.0300000000004,1
13024,471,2,555.8700000000001,0
13025,732,1,323.39,0
13026,2,9,1733.0800000000002,2
13027,114,19,17143.2,2
13028,23,2,661.32,1
13029,31,5,1927.3,1
13030,12,2,752.44,1
13031,408,5,3292.840000000002,2
13032,53,9,2815.96,2
13033,358,2,220.54999999999998,0
13034,55,3,756.8199999999999,1
13035,74,3,1339.0,1
13036,685,1,307.1,0
13037,139,12,3877.250000000001,2
13038,81,3,908.46,1
13039,585,4,1010.73,0
13040,9,2,676.9900000000001,1
13041,451,4,799.1299999999999,0
13042,599,3,1488.5900000000004,0
13043,274,1,516.4200000000001,0
13044,292,11,4831.100000000001,2
13045,100,3,808.9200000000001,1
13046,31,3,949.25,1
13047,57,23,8310.73,2
13048,15,9,4049.13,2
13049,65,4,1408.2400000000002,1
13050,15,34,11713.239999999998,2
13051,579,2,155.8,0
13052,213,7,3119.33,2
13053,622,1,127.65,0
13055,79,4,2310.91,1
13056,552,1,209.48000000000002,0
13057,531,3,709.5900000000001,0
13058,25,3,271.4,1
13059,250,10,2279.0200000000004,2
13060,254,1,307.53000000000003,0
13061,73,1,248.61,1
13062,192,1,346.98,1
13063,481,1,188.39999999999998,0
13064,13,6,1666.84,2
13065,374,5,1055.05,0
13066,25,2,430.90000000000003,1
13067,83,3,508.51,1
13068,11,2,344.0,1
13069,1,38,8611.000000000007,2
13070,193,4,751.7,1
13071,613,1,129.22,0
13072,267,1,177.14999999999998,0
13073,412,2,418.08,0
13074,512,4,1378.74,0
13075,130,1,919.61,1
13076,458,1,135.4,0
13077,2,11,2730.1499999999996,2
13078,4,57,28954.579999999998,2
13079,5,6,419.17999999999995,1
13080,180,4,260.83,1
13081,12,28,56511.66999999997,2
13082,127,21,7335.75,2
13083,5,3,395.43,1
13084,492,1,122.39999999999999,0
13085,158,8,2337.2800000000007,2
13086,383,1,439.32999999999987,0
13087,727,1,313.64,0
13088,418,1,236.11000000000004,0
13089,3,200,111093.29000000002,2
13090,9,24,13091.74,2
13091,29,3,2321.8200000000006,1
13092,71,12,2035.8799999999999,2
13093,276,55,53693.35000000003,2
13094,22,13,2003.7000000000003,2
13095,71,1,74.4,1
13096,395,1,419.70000000000005,0
13097,33,27,12959.21,2
13098,2,28,28882.439999999995,2
13099,100,1,207.35999999999999,1
13101,235,4,695.4,1
13102,2,37,11319.2,2
13103,40,3,709.6399999999999,1
13104,4,9,1709.1,2
13105,437,1,72.0,0
13106,134,2,603.46,1
13107,45,9,5194.27,2
13108,373,2,748.46,0
13109,60,3,1134.0300000000002,1
13110,32,12,2900.17,2
13111,719,1,321.88000000000005,0
13112,542,1,20.6,0
13113,1,37,18069.59,2
13114,731,1,234.37999999999997,0
13115,12,10,5478.200000000001,2
13116,139,1,501.14000000000004,1
13117,22,18,2255.66,2
13118,20,9,2356.01,2
13119,669,1,134.9,0
13120,239,1,30.599999999999998,0
13121,270,1,254.7299999999999,0
13122,95,2,922.3900000000002,1
13123,473,2,506.74999999999994,0
13124,90,4,4641.660000000001,2
13125,524,1,148.62,0
13126,5,13,3713.7600000000007,2
13127,78,1,259.16999999999996,1
13128,632,1,263.5,0
13129,453,2,233.25,0
13130,95,1,64.0,1
13131,24,7,3313.77,2
13132,262,1,77.3,0
13133,274,3,200.45000000000002,0
13134,86,6,2449.7299999999996,2
13135,197,2,3371.45,1
13136,57,13,6243.0599999999995,2
13137,11,16,7586.940000000004,2
13138,23,7,1261.26,2
13139,17,8,8202.98,2
13140,109,5,1054.9199999999998,1
13141,85,17,7636.280000000001,2
13142,20,1,307.0899999999999,1
13143,585,1,405.1,0
13144,333,2,135.35,0
13145,40,7,1128.52,1
13146,27,1,228.91,1
13147,11,4,712.8,1
13148,30,26,8283.980000000001,2
13149,15,4,1676.06,1
13150,485,3,449.96999999999997,0
13151,296,3,2465.210000000001,1
13152,418,7,2128.6800000000003,2
13153,6,1,486.22,1
13154,400,3,1612.0900000000001,0
13155,34,6,1370.48,1
13156,386,3,1586.5400000000004,0
13157,50,9,5669.359999999999,2
13158,95,5,1508.1799999999998,1
13159,9,4,1429.35,1
13160,23,1,91.8,1
13161,314,2,472.13,0
13162,123,16,9234.689999999999,2
13163,611,1,17.65,0
13164,570,2,372.20000000000005,0
13165,47,3,1451.1599999999999,1
13166,284,2,875.9300000000001,1
13167,19,5,1125.1500000000003,1
13168,37,5,1838.63,1
13169,64,3,840.0799999999999,1
13170,27,1,108.81000000000002,1
13171,22,3,468.40999999999997,1
13172,401,1,69.6,0
13173,5,11,2399.82,2
13174,17,12,7995.360000000005,2
13175,583,2,805.5,0
13176,47,1,481.49000000000007,1
13177,65,2,512.2,1
13178,27,21,14051.389999999998,2
13179,619,1,572.3100000000001,0
13180,608,1,86.10000000000001,0
13181,382,1,359.69,0
13182,46,1,121.17999999999999,1
13183,8,15,7028.38,2
13184,15,10,1616.4500000000003,2
13185,268,1,71.4,0
13186,40,3,1575.89,1
13187,338,4,341.35999999999996,0
13188,12,1,114.60000000000001,1
13189,19,2,260.68,1
13190,545,3,570.66,0
13191,659,1,164.69000000000003,0
13192,96,6,2558.58,2
13193,62,1,112.08,1
13194,136,2,472.78,1
13195,415,1,136.73000000000002,0
13196,12,7,3068.840000000001,2
13197,610,1,373.0100000000001,0
13198,11,8,4929.330000000001,2
13199,4,67,15951.050000000003,2
13200,20,4,870.0899999999999,1
13201,503,4,1233.06,0
13202,395,7,1580.3,0
13203,10,10,2630.55,2
13204,732,1,966.66,0
13205,444,1,2803.2,0
13206,401,13,8308.190000000002,2
13207,16,4,535.86,1
13208,59,9,1958.3000000000002,2
13209,31,13,8509.51,2
13210,94,1,353.47999999999996,1
13211,11,10,2618.7700000000004,2
13212,20,3,786.8299999999997,1
13213,57,11,3851.520000000001,2
13214,418,7,3264.230000000001,2
13215,403,1,81.6,0
13216,268,1,333.74,0
13217,123,3,269.52,1
13218,128,1,62.64,1
13219,619,1,76.23,0
13220,79,5,1336.09,1
13221,241,2,847.4100000000002,1
13222,578,1,88.5,0
13223,201,6,969.1200000000001,1
13224,61,2,2155.9500000000007,1
13225,4,16,16260.070000000002,2
13226,274,2,312.46000000000004,0
13227,202,1,257.7,1
13228,82,1,358.0,1
13229,226,1,160.95,0
13230,5,30,6076.450000000002,2
13232,13,7,1328.3500000000004,2
13233,75,4,1176.46,1
13234,673,2,346.49999999999994,0
13235,213,1,1031.0699999999997,1
13236,25,2,744.8499999999999,1
13237,388,1,642.9999999999999,0
13238,18,6,986.73,1
13239,262,5,1594.6900000000003,1
13240,97,8,1475.79,2
13241,412,1,112.53000000000004,0
13242,113,7,699.4,1
13243,204,5,1220.3799999999999,1
13244,93,1,121.74000000000001,1
13245,51,2,989.22,1
13246,19,11,3346.5500000000006,2
13247,18,4,501.11999999999995,1
13248,125,2,465.67999999999995,1
13249,93,9,1608.9299999999998,2
13250,461,2,253.09,0
13251,403,1,252.68000000000004,0
13252,395,2,348.45,0
13253,157,4,2951.11,1
13254,377,1,51.410000000000004,0
13255,10,3,678.76,1
13257,437,1,134.9,0
13258,12,5,1009.4300000000001,1
13259,62,9,1402.5399999999993,2
13260,62,1,557.6200000000001,1
13261,269,2,944.1,1
13262,264,3,573.4499999999999,1
13263,2,39,8676.200000000012,2
13264,443,1,722.56,0
13265,54,5,2092.66,1
13266,12,19,6046.470000000001,2
13267,3,36,9354.91,2
13268,18,11,3138.4000000000005,2
13269,2,28,8537.320000000002,2
13270,367,1,590.0,0
13271,38,1,192.76999999999992,1
13272,32,2,276.56,1
13273,114,1,138.97999999999996,1
13274,410,1,360.85,0
13275,384,2,238.85999999999996,0
13276,64,5,1883.96,1
13277,16,7,523.3000000000001,1
13278,41,4,1435.8500000000001,1
13279,79,1,137.75,1
13280,123,7,2267.83,2
13281,440,1,350.84999999999997,0
13282,19,4,1313.1899999999998,1
13283,60,4,373.36,1
13284,331,1,196.15,0
13285,24,6,3364.5899999999997,2
13286,601,1,734.9100000000001,0
13287,604,3,559.06,0
13288,444,5,902.11,0
13289,724,1,307.95,0
13291,156,11,3270.790000000001,2
13292,39,5,987.79,1
13293,393,6,1192.94,0
13294,190,3,1689.5299999999997,1
13295,360,4,1081.67,0
13296,138,6,792.51,1
13297,8,7,4352.67,2
13298,2,1,360.0,1
13299,269,3,1189.0,1
13300,170,3,1273.81,1
13301,104,4,618.0899999999999,1
13302,156,2,159.2,1
13303,401,1,61.72,0
13304,352,4,1150.59,0
13305,5,16,3616.41,2
13306,431,1,53.65,0
13307,121,3,273.34,1
13308,23,4,1670.3700000000001,1
13309,8,6,1706.3699999999997,2
13310,29,5,1511.8500000000001,1
13311,5,2,598.57,1
13312,452,1,124.75,0
13313,23,12,3445.3199999999997,2
13314,2,3,599.4099999999999,1
13315,690,1,310.26,0
13316,38,10,12818.42,2
13317,67,19,6328.941,2
13318,2,3,640.76,1
13319,6,58,21231.069999999996,2
13320,79,6,2160.4500000000003,2
13321,73,2,567.36,1
13322,18,1,199.48,1
13323,4,5,787.8500000000001,1
13324,37,18,10502.72,2
13325,82,1,675.3,1
13326,433,1,281.76,0
13327,39,20,9070.279999999999,2
13328,317,1,1308.48,0
13329,32,8,4764.97,2
13330,93,6,2796.0999999999995,2
13331,402,1,262.40000000000003,0
13332,15,1,350.9,1
13333,412,3,1015.7400000000001,0
13334,83,5,6201.800000000002,2
13336,78,1,795.12,1
13337,547,1,1550.0599999999997,0
13338,158,4,2350.9199999999996,1
13339,201,1,860.1200000000002,1
13340,46,12,22100.56,2
13341,261,1,775.8499999999999,1
13343,178,1,303.93,1
13344,68,3,2511.69,1
13345,288,1,389.50000000000006,0
13346,463,6,299.4,0
13347,71,1,341.36,1
13348,65,1,233.76,1
13349,11,1,247.31999999999996,1
13350,17,2,929.1700000000001,1
13351,67,1,373.94,1
13352,61,1,397.9800000000001,1
13354,72,1,743.5300000000003,1
13355,123,1,674.7,1
13356,81,1,768.2400000000001,1
13357,258,5,3805.5100000000007,2
13358,269,1,439.03000000000003,0
13359,64,2,1017.46,1
13360,432,4,1503.65,0
13361,473,2,1450.5,0
13362,10,7,5381.47,2
13363,18,3,1723.8600000000004,1
13365,34,2,2207.5199999999995,1
13366,51,1,56.160000000000004,1
13367,432,1,510.2,0
13368,257,4,1086.1,1
13369,366,1,281.38,0
13370,372,1,737.8700000000002,0
13371,506,2,2297.66,0
13372,90,1,378.64,1
13373,61,6,7587.1900000000005,2
13374,415,2,422.80000000000007,0
13375,89,2,1792.2299999999996,1
13376,100,3,1019.7600000000001,1
13377,397,2,1502.8800000000003,0
13379,27,3,572.5599999999998,1
13380,433,1,62.4,0
13381,32,12,8224.37,2
13382,281,5,1387.5800000000002,1
13383,544,1,305.28000000000003,0
13384,31,11,6668.080000000001,2
13385,330,1,534.5700000000002,0
13386,415,2,835.46,0
13387,418,1,186.93999999999994,0
13388,132,3,1135.7000000000003,1
13389,12,3,797.96,1
13390,75,1,544.0799999999999,1
13391,204,1,59.8,0
13392,678,1,91.14,0
13393,584,4,1131.4500000000003,0
13394,2,19,6412.480000000001,2
13395,186,3,1180.23,1
13396,30,2,1344.6399999999999,1
13397,73,10,3140.87,2
13398,193,2,670.3400000000001,1
13399,465,3,275.4,0
13400,583,1,310.83000000000004,0
13402,128,4,1226.85,1
13403,18,3,229.5,1
13404,2,2,252.48999999999998,1
13405,75,6,1213.811,1
13406,428,2,568.92,0
13407,579,3,2194.8399999999997,0
13408,2,106,50064.38199999999,2
13410,25,9,2201.96,2
13411,108,1,213.55000000000004,1
13412,621,1,487.34999999999997,0
13413,640,5,353.1200000000001,0
13414,134,6,2494.1400000000003,2
13415,473,4,665.4199999999998,0
13416,44,3,940.8,1
13417,5,6,1593.8899999999999,2
13418,12,31,11315.460000000001,2
13419,64,1,221.05999999999995,1
13420,150,2,142.45,1
13421,41,8,4058.75,2
13422,65,1,2626.3000000000006,1
13423,429,1,217.02999999999997,0
13424,450,1,557.92,0
13425,109,5,3375.58,2
13426,1,22,8167.379999999999,2
13427,20,6,1006.5300000000002,1
13428,11,3,478.5400000000001,1
13429,11,4,1006.8,1
13430,19,2,666.97,1
13431,68,8,3289.24,2
13432,572,2,439.1000000000001,0
13433,502,4,658.3199999999999,0
13434,75,5,1666.8600000000001,1
13435,6,9,4447.33,2
13436,2,1,196.88999999999996,1
13437,15,7,3408.060000000001,2
13438,548,1,46.5,0
13439,256,3,986.6100000000001,1
13440,424,7,1280.4000000000008,0
13441,92,2,720.8999999999999,1
13442,668,3,419.87,0
13443,449,6,1273.1599999999999,0
13444,375,2,619.08,0
13445,627,1,241.89999999999998,0
13446,431,11,3769.9699999999993,2
13447,24,3,1129.14,1
13448,17,12,8315.470000000001,2
13449,24,1,291.88,1
13450,27,13,4120.04,2
13451,27,11,7090.0599999999995,2
13452,260,3,729.8,1
13453,166,3,781.69,1
13454,642,1,219.86999999999998,0
13455,25,6,2159.8900000000003,2
13456,18,6,1746.3200000000002,2
13457,689,2,148.22,0
13458,8,16,11926.07,2
13459,625,2,1160.4099999999999,0
13460,30,2,183.44,1
13461,39,6,4160.0,2
13462,253,5,1153.8500000000001,1
13464,59,6,3097.640000000001,2
13465,447,2,931.1199999999999,0
13466,185,5,1013.35,1
13467,11,2,1071.91,1
13468,2,72,12753.480000000003,2
13469,654,1,82.4,0
13470,100,2,165.0,1
13471,2,4,2501.8399999999983,1
13472,464,2,592.24,0
13473,61,8,2416.08,2
13474,237,3,646.5899999999999,1
13475,192,4,1431.78,1
13476,179,5,1923.7199999999998,1
13477,38,11,2819.17,2
13478,470,5,2068.0300000000007,0
13479,201,4,814.42,1
13480,417,2,627.8199999999999,0
13481,46,10,3815.84,2
13482,233,2,336.09,1
13483,66,1,140.34000000000003,1
13484,242,3,767.3199999999999,1
13485,234,11,2976.5699999999997,2
13486,79,3,1122.4100000000003,1
13487,58,5,846.87,1
13488,18,23,14167.560000000001,2
13489,106,4,449.52000000000004,1
13490,655,1,154.25,0
13491,52,27,4467.66,2
13492,137,3,1269.8399999999997,1
13493,276,2,618.63,1
13494,312,1,316.26,0
13495,8,10,4803.91,2
13496,11,2,653.33,1
13497,283,6,1139.8300000000002,1
13498,731,1,327.37999999999994,0
13499,18,5,1159.11,1
13500,24,4,1436.3000000000002,1
13501,289,3,2870.1099999999997,1
13502,17,5,780.5000000000001,1
13503,72,6,1847.9899999999998,2
13504,65,1,295.93,1
13505,73,4,4343.080000000001,2
13506,317,5,1320.1799999999998,1
13507,4,4,2479.16,1
13508,244,2,287.04999999999995,1
13509,9,8,1114.7200000000003,2
13510,2,11,4541.290000000001,2
13511,677,1,282.76,0
13512,261,4,713.39,1
13513,127,3,814.6899999999999,1
13514,74,4,815.9000000000001,1
13515,73,6,1265.8199999999997,1
13516,22,4,1685.26,1
13517,60,3,2128.42,1
13518,86,1,627.16,1
13519,79,2,343.21,1
13520,59,11,6449.599999999999,2
13521,2,3,1071.73,1
13522,31,1,125.80000000000001,1
13523,34,6,4369.57,2
13524,41,5,680.1800000000001,1
13525,15,2,628.78,1
13526,739,2,942.6000000000003,0
13527,34,12,4517.54,2
13529,79,2,307.76,1
13530,635,1,402.98,0
13531,206,6,1433.0700000000002,1
13532,34,1,210.30999999999983,1
13533,183,3,269.09000000000003,1
13534,3,35,7632.249999999996,2
13535,403,1,89.5,0
13536,2,7,3444.389999999999,2
13537,426,2,717.85,0
13538,44,12,3103.13,2
13539,86,7,1556.7600000000004,2
13540,468,3,632.3900000000001,0
13541,428,2,725.85,0
13542,377,17,3924.090000000003,2
13543,635,2,1439.6099999999997,0
13544,40,6,781.7000000000002,1
13545,391,2,364.92999999999995,0
13546,13,5,1086.2399999999998,1
13547,409,1,167.07999999999996,0
13548,97,3,901.4399999999998,1
13549,26,8,1005.8000000000001,2
13550,384,1,342.54999999999995,0
13551,320,2,244.2,0
13552,67,22,6813.22,2
13553,675,1,499.59999999999974,0
13554,381,7,1562.6100000000006,1
13555,74,13,8817.390000000001,2
13556,430,2,200.82000000000002,0
13557,29,13,3019.66,2
13558,6,4,594.52,1
13559,513,2,990.0,0
13560,8,1,171.42000000000004,1
13561,216,11,1803.4,2
13562,82,8,4838.18,2
13563,85,2,777.5300000000001,1
13564,355,36,15785.779999999997,2
13565,20,3,414.8,1
13566,41,5,1688.6,1
13567,429,4,1074.1899999999996,0
13568,174,1,187.05000000000004,1
13569,18,4,726.54,1
13570,244,1,239.49000000000004,0
13571,13,26,4537.26,2
13572,206,1,1384.25,1
13573,51,6,904.5200000000001,1
13574,412,1,404.45000000000005,0
13575,24,5,732.0699999999998,1
13576,11,28,11184.939999999999,2
13577,26,10,3361.4200000000005,2
13578,410,1,147.66,0
13579,15,5,1374.34,1
13580,407,1,107.75,0
13581,310,2,280.53,0
13582,390,2,241.68,0
13583,156,2,1445.0310000000002,1
13584,307,2,361.4000000000001,0
13585,531,3,684.54,0
13586,542,1,127.28000000000002,0
13587,64,4,1308.1,1
13588,16,9,2451.169999999999,2
13589,15,6,1120.74,1
13590,12,18,6297.339999999998,2
13591,65,7,2093.94,2
13592,36,4,247.96000000000004,1
13593,109,14,5444.81,2
13594,53,2,533.3199999999999,1
13595,517,3,784.48,0
13596,6,2,664.1099999999999,1
13597,401,2,377.21,0
13598,48,5,749.21,1
13599,2,33,9630.009999999998,2
13600,313,2,518.4200000000001,0
13601,46,4,1159.99,1
13602,65,4,1025.17,1
13603,27,1,164.34,1
13604,659,1,717.6199999999999,0
13605,388,2,522.67,0
13606,30,3,276.75,1
13607,41,2,1058.1099999999997,1
13608,541,1,232.05000000000007,0
13609,594,1,167.35000000000002,0
13610,13,14,2071.9599999999996,2
13611,90,10,3297.93,2
13612,633,1,818.29,0
13613,453,5,1039.85,0
13614,25,6,2332.7399999999993,2
13615,319,8,6254.830000000002,2
13616,569,2,283.85,0
13617,41,8,1263.8,2
13618,174,1,177.34000000000003,1
13619,545,2,224.94,0
13620,529,1,112.34000000000002,0
13621,117,1,213.85,1
13622,697,1,658.95,0
13623,31,10,2495.7099999999996,2
13624,389,1,427.18,0
13625,597,1,301.26,0
13626,253,2,691.1399999999999,1
13627,60,7,2219.25,2
13628,677,1,310.14000000000004,0
13629,24,19,13370.86,2
13630,6,7,2031.7800000000002,2
13631,100,11,3070.42,2
13632,25,8,3645.810000000001,2
13634,34,16,4479.85,2
13635,68,4,2972.16,1
13636,37,5,949.1200000000001,1
13637,53,3,804.3,1
13638,16,1,122.64000000000001,1
13639,75,2,1346.2700000000002,1
13640,612,1,405.0,0
13641,641,5,1016.4700000000003,0
13642,216,4,459.45,1
13643,32,10,2156.77,2
13644,17,4,2599.260000000001,1
13645,121,1,252.1,1
13646,400,2,326.24999999999983,0
13647,10,8,3041.6799999999994,2
13648,401,7,1726.3200000000004,0
13649,257,6,1453.6799999999998,1
13650,17,10,3215.2499999999995,2
13651,36,3,208.95,1
13652,46,5,2262.0499999999997,2
13653,488,1,152.2,0
13654,44,11,6308.0,2
13655,115,6,2268.01,2
13656,165,4,1078.8500000000004,1
13657,11,2,382.14,1
13658,10,9,5838.22,2
13659,206,12,4840.98,2
13660,401,1,306.6399999999999,0
13661,604,1,325.24000000000007,0
13662,86,11,2206.81,2
13663,180,5,2047.51,1
13665,387,3,1711.6599999999999,0
13666,61,5,127.9,1
13667,150,1,299.04999999999984,1
13668,3,35,12812.930000000002,2
13669,51,3,413.54999999999995,1
13670,76,1,349.70000000000016,1
13671,395,1,172.60000000000002,0
13672,302,2,295.66,0
13673,19,2,387.43999999999994,1
13674,433,1,225.82999999999998,0
13675,152,2,486.82,1
13676,540,2,153.15,0
13677,405,2,551.24,0
13678,152,1,232.60000000000005,1
13679,494,3,281.2600000000001,0
13680,2,12,9899.55999999999,2
13681,18,4,827.83,1
13682,188,1,59.5,0
13683,458,1,258.6,0
13684,286,4,547.03,1
13685,3,7,3119.44,2
13686,183,3,409.0400000000001,1
13687,439,1,11880.839999999998,0
13688,636,1,375.5,0
13689,64,2,1259.5,1
13690,60,1,172.25,1
13691,397,1,212.77999999999994,0
13692,25,5,3099.4500000000007,2
13693,375,9,1996.9700000000003,2
13694,4,142,191279.14999999994,2
13695,32,16,2770.7299999999996,2
13696,422,3,2020.4,0
13697,39,1,151.3,1
13698,597,2,451.73,0
13699,156,2,744.25,1
13700,27,13,2596.9700000000003,2
13701,447,1,161.00000000000003,0
13702,446,1,135.18,0
13703,319,1,99.5,0
13704,6,9,2308.0599999999995,2
13705,8,7,1717.19,2
13706,303,2,631.1699999999998,0
13707,268,5,3365.8600000000006,2
13708,272,1,285.3299999999999,0
13709,4,18,7538.55,2
13710,32,3,509.52,1
13711,219,9,1792.2600000000002,2
13712,247,2,766.4200000000001,1
13713,409,3,740.76,0
13714,466,1,161.35,0
13715,282,17,8129.240000000002,2
13716,270,1,138.28,0
13717,33,8,1750.5500000000002,2
13718,247,2,306.55,1
13719,16,11,2783.08,2
13720,117,4,799.8999999999999,1
13721,37,2,741.54,1
13722,132,10,5635.410000000001,2
13723,218,6,1194.0800000000002,1
13724,638,1,213.00999999999993,0
13725,50,8,1967.36,2
13726,39,2,1079.6599999999999,1
13727,29,8,1061.3999999999999,2
13728,37,16,2855.17,2
13729,436,3,724.73,0
13730,136,2,752.6000000000001,1
13731,220,2,610.5899999999999,1
13732,29,1,491.86,1
13733,411,2,487.03,0
13734,509,2,3445.3399999999992,0
13735,25,13,9522.469999999998,2
13736,6,7,2740.32,2
13737,201,1,339.59999999999997,1
13738,397,1,434.7799999999999,0
13739,19,2,292.2,1
13740,241,5,1582.77,1
13741,72,3,668.4300000000001,1
13742,17,12,3107.87,2
13743,3,7,1341.6,2
13744,96,2,1080.52,1
13745,163,2,763.82,1
13746,414,1,176.69,0
13747,374,2,169.79999999999998,0
13748,96,9,2064.3500000000004,2
13750,54,11,3602.1800000000003,2
13751,289,1,296.24999999999994,0
13752,125,7,1579.8300000000002,2
13753,288,4,2094.57,1
13754,152,3,447.05,1
13755,4,9,2108.0600000000004,2
13756,3,23,8605.550000000001,2
13757,675,1,195.55,0
13758,12,14,8558.54,2
13759,34,2,659.41,1
13760,55,5,1363.64,1
13761,51,6,1952.17,2
13762,594,4,2165.76,0
13763,64,3,5217.44,2
13764,71,6,2919.6200000000003,2
13765,654,1,352.82099999999997,0
13766,496,1,190.34999999999997,0
13767,3,73,33820.119999999995,2
13768,727,2,875.97,0
13769,3,20,5478.120000000001,2
13770,423,4,785.3699999999999,0
13771,65,9,5728.820000000001,2
13772,34,8,3092.07,2
13773,397,2,301.54,0
13774,82,1,344.99999999999994,1
13775,591,1,1049.66,0
13777,1,61,49638.259999999995,2
13778,104,4,1124.49,1
13779,516,1,161.12999999999997,0
13780,8,3,732.0700000000002,1
13781,251,3,778.8299999999999,1
13782,13,13,1778.1299999999999,2
13783,488,4,1542.09,0
13784,10,14,2910.23,2
13785,429,4,542.49,0
13786,368,6,3112.99,2
13787,76,6,1203.5499999999997,1
13788,506,1,3.75,0
13789,389,1,239.45999999999998,0
13790,5,1,348.79999999999995,1
13791,128,2,1516.0,1
13792,67,3,383.95000000000005,1
13793,647,1,96.0,0
13794,547,1,126.03000000000002,0
13795,389,4,836.3000000000001,0
13796,500,1,289.7,0
13797,437,3,1179.4500000000003,0
13798,2,109,74465.81,2
13799,117,9,2672.77,2
13800,310,3,1679.5599999999995,1
13801,67,1,324.79999999999995,1
13802,139,19,25839.109999999993,2
13803,256,3,1319.1100000000001,1
13804,31,9,3161.12,2
13805,53,2,924.5999999999999,1
13806,64,1,256.38,1
13807,368,3,422.20000000000005,0
13808,6,5,1747.6599999999999,1
13809,306,3,679.7,1
13810,29,3,1499.01,1
13811,184,2,591.75,1
13812,43,3,539.0,1
13813,40,8,2738.5199999999995,2
13814,93,3,2240.32,1
13815,23,8,7322.740000000002,2
13816,24,2,571.6700000000001,1
13817,30,2,382.98,1
13818,430,1,61.28,0
13819,302,6,2642.3500000000004,2
13820,419,3,652.75,0
13821,145,6,1355.38,1
13822,6,2,632.0000000000001,1
13823,19,7,3361.500000000001,2
13824,33,12,3314.76,2
13825,622,2,255.59000000000003,0
13826,177,1,189.5,1
13827,58,3,409.7999999999998,1
13828,23,1,209.49000000000004,1
13830,582,1,141.9,0
13831,17,18,6585.540000000001,2
13832,20,2,609.8899999999999,1
13833,160,2,700.4099999999999,1
13834,577,2,324.19,0
13835,26,7,1095.2700000000002,1
13836,400,2,620.37,0
13837,212,2,266.59000000000003,1
13838,6,10,1690.0700000000006,2
13839,487,1,139.95,0
13840,417,1,651.4000000000003,0
13841,253,1,85.0,0
13842,59,18,5302.34,2
13843,382,1,319.75000000000006,0
13844,12,1,361.62,1
13845,65,1,312.98,1
13846,25,4,1307.7900000000002,1
13847,720,1,310.7199999999999,0
13848,93,8,3015.0,2
13849,52,5,3443.7999999999997,2
13850,130,1,1595.4799999999996,1
13851,96,8,4516.76,2
13852,611,1,187.35000000000002,0
13853,58,1,1090.14,1
13854,9,39,11914.859999999997,2
13855,501,4,1310.3400000000004,0
13856,169,11,1142.03,2
13857,394,6,997.1099999999998,0
13858,58,1,216.16999999999996,1
13859,327,2,515.86,0
13860,2,5,1245.9,1
13861,430,2,256.26,0
13862,19,9,2556.09,2
13863,248,4,1226.8000000000002,1
13864,387,1,662.4000000000001,0
13865,59,4,501.55999999999995,1
13866,75,1,145.67,1
13867,32,3,1005.0900000000001,1
13868,8,2,3192.54,1
13869,124,10,7996.869999999999,2
13870,3,15,5712.08,2
13871,23,17,7860.65,2
13872,528,3,919.5700000000002,0
13873,120,8,1038.92,1
13874,359,7,2049.15,2
13875,54,14,4814.37,2
13876,64,1,122.69999999999999,1
13877,87,3,449.68000000000006,1
13878,55,4,2416.9000000000005,1
13879,646,1,395.5,0
13880,22,17,4293.86,2
13881,4,42,44673.09999999999,2
13882,3,5,1131.28,1
13883,11,15,6454.6900000000005,2
13884,8,10,1795.23,2
13885,190,2,506.8000000000001,1
13886,72,1,243.56000000000003,1
13887,205,1,349.54999999999995,1
13888,120,7,2001.59,2
13889,93,6,1937.23,2
13890,2,14,2912.38,2
13891,379,3,859.2099999999999,0
13892,27,6,1267.65,1
13893,298,1,821.1,0
13894,24,3,554.72,1
13895,29,6,3928.5700000000006,2
13896,626,1,388.55,0
13897,51,3,1160.7199999999998,1
13898,326,2,686.4000000000001,0
13899,17,2,388.52000000000004,1
13900,184,6,1610.5900000000001,1
13901,73,15,5617.040000000001,2
13902,633,5,30464.46,2
13903,401,1,165.45000000000002,0
13904,38,2,332.63999999999993,1
13905,733,1,312.65000000000003,0
13906,410,1,42.0,0
13907,692,1,136.8,0
13908,80,4,2354.7000000000003,1
13909,424,2,282.85,0
13911,58,20,4215.09,2
13912,424,1,124.94999999999999,0
13913,507,1,42.22,0
13914,12,2,613.9499999999999,1
13915,395,1,70.80000000000001,0
13916,464,4,1275.81,0
13917,50,2,272.03999999999996,1
13918,50,2,1212.84,1
13919,60,4,1350.18,1
13920,432,4,1734.8800000000003,0
13921,403,4,720.75,0
13922,352,3,834.5999999999998,0
13923,54,1,351.13000000000005,1
13924,2,6,1804.1000000000001,2
13925,93,4,616.6499999999999,1
13926,24,1,223.85000000000002,1
13927,75,2,708.26,1
13928,11,4,464.57000000000005,1
13929,170,10,3417.6,2
13930,58,2,337.3399999999999,1
13931,96,11,5257.380000000002,2
13932,295,1,307.4,0
13933,110,2,608.79,1
13934,264,1,922.0999999999997,1
13935,597,3,6116.919999999998,0
13936,180,3,924.3599999999999,1
13937,170,2,867.3800000000003,1
13938,36,1,71.66,1
13939,24,7,1560.9600000000003,2
13940,18,4,839.1400000000003,1
13941,22,15,9875.98,2
13942,535,1,320.0,0
13943,578,1,246.54000000000002,0
13944,654,1,200.43000000000004,0
13945,395,2,854.15,0
13946,80,6,1745.4299999999998,2
13947,66,1,90.6,1
13948,361,4,548.76,0
13949,3,6,2427.3199999999997,2
13950,12,4,728.56,1
13951,177,3,674.45,1
13952,218,14,12823.520999999997,2
13953,8,12,6640.679999999999,2
13954,2,2,406.37,1
13955,155,3,544.07,1
13956,6,5,1019.2699999999999,1
13957,418,3,458.25,0
13958,380,8,4542.68,2
13959,80,6,1064.77,1
13960,22,2,230.22,1
13961,393,1,500.15000000000003,0
13962,22,3,362.8,1
13963,309,17,2748.3200000000006,2
13964,388,2,421.90000000000003,0
13965,477,3,777.6600000000001,0
13966,436,1,384.26000000000005,0
13967,146,2,166.3,1
13968,424,1,123.66,0
13969,8,35,12826.310000000003,2
13970,387,2,846.55,0
13971,19,14,4629.070000000001,2
13972,71,2,190.25000000000003,1
13973,288,1,264.7,0
13974,50,2,677.72,1
13975,32,12,5253.099999999999,2
13976,207,4,1192.3600000000001,1
13977,412,1,519.81,0
13978,15,2,196.79,1
13979,74,7,3345.38,2
13980,61,5,744.6200000000001,1
13981,416,1,331.13999999999993,0
13982,40,9,3949.1899999999996,2
13983,30,21,6737.52,2
13984,27,11,1461.32,2
13985,5,22,9991.16,2
13986,18,1,320.46000000000004,1
13987,380,2,682.5400000000001,0
13988,20,8,4745.299999999999,2
13989,66,5,2026.06,1
13990,214,1,311.3,1
13991,13,6,852.8800000000001,1
13992,31,3,219.5,1
13993,43,19,6747.06,2
13994,4,6,2274.1400000000003,2
13995,16,14,3862.109999999999,2
13996,387,2,895.7600000000001,0
13997,520,3,376.46,0
13998,447,3,566.7,0
13999,11,29,9502.259999999998,2
14000,212,5,2046.3400000000001,1
14001,46,9,4228.85,2
14002,135,2,529.73,1
14003,733,1,209.41,0
14004,44,11,6258.450000000001,2
14005,10,5,2874.72,2
14006,116,7,2196.67,2
14007,513,1,79.48,0
14008,433,1,493.73999999999995,0
14009,199,3,1099.91,1
14010,566,2,288.1,0
14011,481,2,457.81999999999994,0
14012,278,1,328.8,0
14013,111,5,1084.57,1
14014,78,3,1948.2099999999998,1
14015,53,1,917.34,1
14016,162,11,11403.41,2
14017,572,1,229.75000000000003,0
14018,646,1,367.15,0
14019,47,3,1408.8600000000001,1
14020,17,4,1226.31,1
14021,156,7,1716.58,2
14022,226,2,792.1500000000001,1
14023,8,2,584.07,1
14024,122,3,645.74,1
14025,465,8,4027.9000000000005,2
14026,471,2,713.1099999999999,0
14027,61,1,104.82000000000002,1
14028,551,2,6786.0,0
14029,64,2,467.65999999999997,1
14030,19,20,7521.800000000001,2
14031,8,42,36234.459999999985,2
14032,3,16,4506.449999999999,2
14033,556,1,109.44,0
14034,23,3,509.0899999999999,1
14035,29,9,2794.7500000000005,2
14036,285,1,626.6499999999999,0
14037,177,6,722.2000000000002,1
14038,79,5,3037.0300000000007,2
14039,34,2,267.28,1
14040,41,35,12466.060000000001,2
14041,267,1,141.41,0
14042,726,1,431.9799999999999,0
14043,492,2,302.6,0
14044,27,10,3060.7500000000005,2
14045,110,15,9375.029999999999,2
14046,285,1,154.98999999999998,0
14047,9,14,3920.4100000000008,2
14048,306,3,725.0899999999998,1
14049,17,13,12885.169999999998,2
14050,32,2,746.36,1
14051,1,37,21770.98,2
14052,20,2,466.6599999999999,1
14053,125,4,572.3,1
14054,66,1,92.46,1
14055,107,3,1520.96,1
14056,2,23,8103.429999999999,2
14057,24,22,8276.100000000002,2
14058,463,2,469.18999999999994,0
14059,267,1,183.59999999999997,0
14060,5,30,8893.199999999999,2
14061,508,3,917.43,0
14062,10,24,25503.88,2
14063,687,7,9471.499999999998,0
14064,30,15,3007.4700000000003,2
14065,390,3,891.02,0
14066,267,1,152.55,0
14067,64,2,374.69999999999993,1
14068,321,4,1493.3199999999997,1
14069,515,2,225.81000000000003,0
14070,685,1,321.59999999999997,0
14071,4,8,1306.1599999999996,2
14072,667,1,390.8500000000001,0
14073,33,1,139.54,1
14074,624,1,219.4,0
14075,5,6,1734.87,2
14076,130,1,118.66999999999997,1
14077,41,6,615.08,1
14078,102,9,1553.4700000000003,2
14079,125,2,618.73,1
14080,33,5,1075.7299999999996,1
14081,303,10,4822.169999999999,2
14082,365,2,413.36,0
14083,5,11,1082.19,2
14084,513,1,150.5,0
14085,3,33,9707.920000000002,2
14086,463,1,39.95,0
14087,3,3,786.7199999999999,1
14088,11,15,63731.62999999998,2
14089,57,1,158.75,1
14090,325,1,76.32000000000001,0
14091,655,2,9530.080000000002,0
14092,8,24,7229.45,2
14093,13,1,433.85999999999996,1
14094,440,1,311.7699999999999,0
14095,723,1,2.95,0
14096,5,17,65164.78999999986,2
14097,482,2,422.85999999999996,0
14098,37,1,147.34999999999997,1
14099,17,20,5727.710000000001,2
14100,138,1,191.95000000000002,1
14101,74,13,9961.93,2
14102,6,5,1073.7800000000002,1
14104,155,5,743.5299999999999,1
14105,240,5,5988.83,2
14106,738,1,214.79999999999998,0
14107,52,11,4877.300000000001,2
14108,31,4,1044.96,1
14109,73,1,80.2,1
14110,4,33,12974.449999999997,2
14111,15,4,692.85,1
14112,23,12,5634.14,2
14113,4,16,6787.150000000001,2
14114,274,7,1364.09,1
14115,502,2,622.6700000000001,0
14116,20,5,1382.7399999999998,1
14117,144,1,90.0,1
14118,429,1,458.45,0
14119,376,2,163.47,0
14121,4,4,2780.1499999999996,1
14122,407,3,314.72,0
14123,734,1,436.17999999999995,0
14124,85,1,419.58000000000004,1
14125,11,3,2720.63,1
14126,8,4,1109.96,1
14127,123,6,1900.08,2
14128,61,3,909.3599999999999,1
14129,2,9,2591.34,2
14130,320,4,1858.7700000000002,1
14131,649,1,168.22,0
14132,3,11,3586.0300000000007,2
14133,130,4,911.1400000000001,1
14134,383,15,11123.350000000002,2
14135,2,24,8839.67,2
14136,401,5,1559.86,0
14137,696,1,332.7,0
14138,2,2,965.8800000000002,1
14139,47,4,1086.7999999999997,1
14140,4,2,920.05,1
14141,3,4,915.1300000000002,1
14142,374,2,671.34,0
14143,134,1,115.8,1
14144,487,1,30.599999999999998,0
14145,47,7,7006.049999999999,2
14146,9,12,8208.87,2
14147,79,9,2035.1999999999998,2
14148,234,2,466.29,1
14149,221,1,267.08000000000004,1
14150,36,2,658.6400000000001,1
14151,674,2,666.7000000000002,0
14152,76,7,1975.4399999999998,2
14153,484,1,233.39999999999992,0
14154,240,8,6285.499999999999,2
14155,267,1,118.75,0
14156,10,152,301628.6399999999,2
14157,20,5,978.69,1
14158,41,1,507.66000000000014,1
14159,20,20,7550.400000000001,2
14160,611,7,8421.47,2
14161,216,7,2996.9299999999994,2
14162,174,2,289.36,1
14163,88,5,2594.6200000000003,2
14164,71,2,1631.7700000000002,1
14165,276,1,120.44,0
14166,506,2,251.15,0
14167,40,8,1274.29,2
14168,421,2,330.65,0
14169,431,2,621.5100000000002,0
14170,376,3,570.1800000000001,0
14171,99,2,498.78999999999996,1
14172,606,3,356.27,0
14173,11,6,586.0,1
14174,34,1,134.46,1
14175,60,8,7546.630000000002,2
14176,298,5,756.46,1
14177,87,13,2209.69,2
14178,9,7,1600.2599999999989,2
14179,41,2,701.5699999999997,1
14180,11,33,5915.349999999999,2
14181,411,2,308.35,0
14182,444,4,666.02,0
14183,412,2,278.34000000000003,0
14184,67,1,452.89,1
14185,332,1,197.65,0
14186,428,5,1550.63,0
14187,474,1,123.5,0
14188,31,6,2054.36,2
14189,3,16,5476.95,2
14190,667,1,79.9,0
14191,2,15,4801.76,2
14192,389,1,293.74,0
14193,68,3,1210.19,1
14194,5,36,18567.99000000001,2
14195,202,6,2615.5999999999995,2
14196,107,1,335.52,1
14197,411,1,390.05,0
14198,19,9,1569.7299999999998,2
14199,219,4,916.5,1
14200,618,1,379.20000000000005,0
14201,61,10,1163.84,2
14202,382,3,847.76,0
14203,398,1,339.34,0
14204,3,4,1024.83,1
14205,17,9,1968.6999999999996,2
14206,240,3,1165.1100000000001,1
14207,688,1,157.8,0
14208,95,2,567.05,1
14209,11,15,4993.27,2
14210,106,16,5556.570000000001,2
14211,54,18,4356.69,2
14212,90,2,2190.14,1
14214,31,5,1004.3799999999999,1
14215,12,9,3250.3299999999995,2
14216,4,5,2150.04,2
14217,2,23,3136.1899999999996,2
14218,43,1,169.48000000000002,1
14219,5,3,633.83,1
14220,248,4,1515.0000000000002,1
14221,43,17,6517.490000000001,2
14222,178,1,683.17,1
14223,93,3,975.23,1
14224,111,9,1841.7099999999994,2
14225,435,4,2031.0699999999997,0
14226,29,6,2985.129999999999,2
14227,27,15,6355.21,2
14228,438,3,745.5000000000002,0
14229,52,7,2579.04,2
14230,436,3,979.8,0
14231,184,4,1137.87,1
14232,43,5,2048.07,1
14233,50,7,2785.47,2
14234,23,4,754.1200000000003,1
14235,76,9,4666.99,2
14236,81,5,1555.34,1
14237,374,2,471.1400000000001,0
14238,327,3,434.23,0
14239,44,21,4263.17,2
14240,31,3,1247.4900000000002,1
14241,184,2,333.70000000000005,1
14242,235,2,280.54999999999995,1
14243,9,17,7191.25,2
14244,661,1,366.4200000000001,0
14245,220,2,1693.4499999999998,1
14246,111,3,1474.0599999999997,1
14247,279,5,750.6099999999999,1
14248,319,3,1032.9499999999998,1
14249,411,12,5400.461000000001,2
14250,8,3,1904.0500000000006,1
14251,2,5,2879.7000000000007,2
14252,382,1,350.99,0
14253,494,2,363.4,0
14254,433,1,601.03,0
14256,261,5,2426.790000000001,1
14257,65,9,5954.450000000001,2
14258,10,25,31569.239999999994,2
14259,142,1,120.0,1
14260,472,3,824.2799999999999,0
14261,51,2,1163.4499999999998,1
14262,9,8,2618.2299999999996,2
14263,424,1,322.93,0
14264,155,6,1490.3600000000004,1
14265,110,4,1373.35,1
14266,429,1,40.56,0
14267,163,3,1312.2400000000002,1
14268,471,1,354.84999999999997,0
14269,440,1,295.73,0
14270,332,1,492.6499999999999,0
14271,226,2,214.18000000000004,1
14272,74,4,920.81,1
14273,52,4,559.97,1
14274,687,1,256.6,0
14275,396,6,1189.38,0
14276,99,7,2021.9299999999998,2
14277,16,9,5150.57,2
14278,410,1,205.82999999999996,0
14279,521,2,191.86,0
14280,197,1,134.04,1
14281,409,1,245.15,0
14282,4,25,7250.76,2
14283,464,4,628.44,0
14284,31,3,1299.6499999999999,1
14285,22,8,3284.42,2
14286,24,7,8431.820000000002,2
14287,9,3,156.23,1
14288,214,1,426.6,1
14289,9,6,911.26,1
14290,12,8,4516.56,2
14291,2,23,7864.299999999998,2
14292,8,16,8976.8,2
14293,4,9,2809.4100000000008,2
14294,408,1,375.3399999999999,0
14295,41,5,2362.9100000000003,2
14296,422,2,456.4000000000001,0
14297,18,4,1290.48,1
14298,9,82,91154.16999999998,2
14299,9,27,13938.199999999997,2
14300,19,1,43.2,1
14301,118,4,1977.23,1
14302,431,3,742.9000000000001,0
14303,408,2,277.94000000000005,0
14304,223,3,1547.4100000000003,1
14305,72,3,1841.2599999999998,1
14306,52,6,3151.3999999999996,2
14307,89,10,4287.919999999999,2
14309,9,11,3780.8099999999995,2
14310,433,1,492.1,0
14311,243,2,453.54999999999995,1
14312,47,11,3090.290000000001,2
14314,107,2,229.8,1
14315,45,8,3197.8199999999997,2
14316,423,5,1370.3400000000004,0
14317,65,1,508.58,1
14318,461,1,158.02000000000004,0
14319,425,1,494.8499999999999,0
14320,207,5,1254.35,1
14321,11,7,2207.0800000000004,2
14322,430,4,474.1,0
14323,115,2,587.36,1
14324,410,2,701.6100000000001,0
14325,570,1,245.47999999999993,0
14326,243,3,923.9799999999998,1
14327,164,6,1894.9300000000003,2
14329,18,15,9768.77,2
14330,624,1,200.63,0
14331,125,2,462.65999999999997,1
14332,23,5,1917.41,1
14333,68,1,402.7,1
14334,17,12,4292.98,2
14335,17,2,454.86,1
14336,17,4,1614.9100000000003,1
14338,162,3,928.0999999999999,1
14339,243,2,610.31,1
14340,219,1,134.7,0
14341,46,18,4436.12,2
14342,22,6,903.5899999999999,1
14343,422,4,1079.6599999999999,0
14344,128,20,2993.05,2
14345,39,1,108.97999999999999,1
14346,121,5,2315.7500000000005,1
14347,737,1,82.60000000000001,0
14348,261,1,409.57,0
14349,11,1,133.50000000000006,1
14350,275,3,954.15,1
14351,165,1,51.0,1
14352,158,4,1078.9599999999998,1
14353,216,3,376.5,1
14354,6,2,163.62,1
14355,366,3,840.05,0
14356,80,2,683.8900000000001,1
14357,44,1,225.12000000000012,1
14358,390,2,400.06,0
14359,20,3,897.18,1
14360,32,4,2118.03,1
14361,579,1,214.71000000000004,0
14362,23,1,151.50000000000003,1
14363,403,2,227.47,0
14364,109,8,3717.349999999999,2
14365,395,2,634.6800000000002,0
14366,526,1,136.0,0
14367,9,16,9147.420000000004,2
14368,320,1,155.00000000000003,0
14369,643,2,469.1299999999998,0
14370,451,6,1129.83,0
14371,296,1,100.5,0
14372,444,2,860.0799999999999,0
14373,359,1,76.55,0
14374,542,1,108.0,0
14375,186,3,1106.8199999999997,1
14376,684,1,215.46,0
14377,192,2,617.05,1
14378,622,1,131.24999999999997,0
14379,45,4,1265.1599999999999,1
14380,683,1,48.96,0
14381,53,2,625.9400000000003,1
14382,27,2,1193.63,1
14383,39,3,1247.69,1
14384,501,1,58.5,0
14385,10,3,202.11,1
14386,297,1,142.4,0
14387,33,3,1727.6000000000004,1
14388,11,16,6326.700000000001,2
14389,66,5,1898.0100000000002,1
14390,11,13,6111.830000000004,2
14391,577,1,135.60000000000002,0
14392,433,1,266.4,0
14393,219,1,67.94999999999999,0
14394,565,1,93.8,0
14395,3,20,7779.08,2
14396,66,7,1969.3800000000003,2
14397,3,19,2612.96,2
14398,402,2,707.7900000000002,0
14399,395,8,2108.2099999999996,2
14400,150,3,1717.4700000000003,1
14401,5,22,6730.799999999999,2
14402,653,1,285.6,0
14403,131,6,1831.01,2
14404,34,13,2625.13,2
14405,387,1,195.0,0
14406,120,1,156.75,1
14407,108,6,2128.0299999999997,2
14408,11,11,4102.27,2
14409,72,8,3276.0899999999997,2
14410,93,11,2391.71,2
14411,311,1,1063.0,0
14412,43,3,1426.1899999999996,1
14413,363,4,764.5199999999999,0
14414,92,8,2399.330000000001,2
14415,2,23,11914.690000000002,2
14416,23,2,490.22,1
14417,388,1,524.6499999999999,0
14418,4,3,1937.25,1
14419,11,7,1254.6400000000003,2
14420,100,4,1639.1699999999998,1
14421,58,6,2456.6199999999994,2
14422,1,19,10271.520000000004,2
14423,219,3,916.61,1
14424,18,1,322.08,1
14425,435,3,661.3900000000001,0
14426,24,17,11275.050000000003,2
14427,51,4,1263.5199999999998,1
14428,8,5,1224.06,1
14429,404,1,516.28,0
14430,512,3,1181.1,0
14431,303,4,2614.2000000000007,1
14432,10,6,2248.499999999998,2
14433,466,1,280.7,0
14434,22,6,1372.8000000000002,1
14435,502,1,90.42,0
14436,99,2,271.70000000000005,1
14437,366,5,850.8399999999999,0
14438,307,1,131.9,0
14439,320,5,9443.039999999999,2
14440,9,12,5892.33,2
14441,1,11,4578.09,2
14442,205,7,5333.119999999999,2
14443,54,5,2069.0699999999997,1
14444,457,1,120.44,0
14445,456,1,221.64999999999992,0
14446,1,5,1200.2799999999997,1
14447,19,6,1711.7300000000002,2
14448,10,2,375.35,1
14449,19,8,2230.96,2
14450,181,7,1128.44,1
14451,61,12,3236.05,2
14452,11,4,658.9500000000002,1
14453,191,1,119.93000000000002,1
14454,377,5,977.3,0
14455,433,4,587.1199999999998,0
14456,6,9,3006.199999999998,2
14457,311,1,113.64,0
14458,381,1,228.06999999999996,0
14459,156,2,5375.739999999998,1
14460,111,8,919.5999999999999,1
14461,149,13,6661.01,2
14462,67,12,2237.8099999999995,2
14463,99,4,786.5699999999999,1
14464,569,2,110.99999999999999,0
14465,247,11,3925.85,2
14466,30,13,4267.15,2
14467,18,12,2203.2400000000002,2
14468,734,1,204.24000000000004,0
14469,417,4,2093.46,0
14470,12,3,712.04,1
14471,592,2,400.95000000000005,0
14472,104,9,2118.7200000000003,2
14473,75,2,234.34000000000003,1
14474,47,2,1258.8900000000003,1
14475,72,4,1151.15,1
14476,258,1,193.00000000000003,0
14477,20,7,1969.6000000000001,2
14478,383,4,1276.6599999999999,0
14479,254,4,1124.7099999999998,1
14480,12,4,1299.52,1
14481,165,5,2284.69,1
14482,19,12,4179.220000000001,2
14483,282,2,257.1,0
14484,51,4,1070.98,1
14485,39,1,162.8,1
14486,512,2,175.5,0
14487,27,7,1253.52,2
14488,68,1,1064.2800000000002,1
14489,208,4,1574.93,1
14490,407,2,1273.47,0
14491,176,2,340.93,1
14492,431,6,1582.8600000000001,0
14493,8,10,5037.410000000002,2
14494,26,3,401.46,1
14495,51,3,174.8,1
14496,312,7,2353.99,2
14497,310,2,697.06,0
14498,43,10,3900.8299999999995,2
14499,27,7,2090.09,2
14500,89,3,356.85,1
14501,184,2,221.21,1
14502,20,10,2316.479999999999,2
14503,4,6,3543.26,2
14504,48,4,673.26,1
14505,18,19,11812.530000000006,2
14506,18,7,2960.25,2
14507,24,11,3201.7400000000002,2
14508,23,5,822.9199999999998,1
14509,535,1,110.94999999999997,0
14510,376,3,979.85,0
14511,12,5,1267.4099999999999,1
14512,188,7,1215.97,1
14513,101,6,770.9100000000001,1
14514,62,9,4380.04,2
14515,18,12,3707.06,2
14516,517,1,151.16999999999996,0
14517,34,2,330.45000000000005,1
14518,65,1,174.37,1
14519,684,2,203.14000000000001,0
14520,2,2,270.6,1
14521,492,1,199.45000000000002,0
14522,25,8,1748.42,2
14523,109,1,241.09000000000003,1
14524,32,13,2909.8600000000006,2
14525,20,17,8005.360000000002,2
14526,390,1,258.65,0
14527,3,121,27011.10000000002,2
14528,38,1,364.22,1
14529,61,3,578.6099999999999,1
14530,26,16,6024.370000000001,2
14531,480,1,376.34,0
14532,237,11,3833.0299999999997,2
14533,25,11,3197.8700000000003,2
14534,3,26,5768.31,2
14535,61,9,5892.230000000003,2
14536,260,1,170.95000000000002,0
14537,58,2,641.4000000000001,1
14538,65,5,1370.8400000000001,1
14539,16,2,537.48,1
14540,10,11,3709.640000000001,2
14541,59,14,2491.3799999999997,2
14542,186,1,103.25000000000001,1
14543,29,38,12834.720000000001,2
14544,25,3,2938.53,1
14545,675,1,349.25,0
14546,6,11,5147.849999999999,2
14547,4,8,3974.7500000000005,2
14548,151,9,2541.29,2
14549,312,4,913.5999999999998,1
14550,11,4,1345.0600000000002,1
14551,19,7,878.0899999999999,1
14552,152,3,507.9299999999999,1
14553,20,9,1818.5999999999997,2
14554,11,4,2279.490000000001,1
14555,58,6,2304.0299999999997,2
14556,597,3,815.6899999999996,0
14558,655,3,655.5,0
14559,391,1,75.6,0
14560,8,43,6060.39,2
14561,76,3,1080.7599999999998,1
14562,4,26,6422.4,2
14563,510,2,640.5399999999997,0
14564,435,2,2537.62,0
14565,96,5,3844.3700000000003,2
14566,111,4,4092.0,2
14567,57,2,1530.3600000000001,1
14568,436,1,909.5000000000002,0
14569,2,4,597.3299999999999,1
14570,281,3,613.7499999999999,1
14571,426,1,160.00000000000003,0
14572,4,11,5499.18,2
14573,180,12,2121.3199999999997,2
14574,733,1,143.7,0
14575,489,1,420.2199999999998,0
14576,373,1,35.400000000000006,0
14577,13,7,1364.15,2
14578,4,1,168.63,1
14579,433,1,105.56,0
14580,519,1,14.850000000000001,0
14581,17,2,409.65,1
14582,41,1,114.11,1
14583,6,8,1660.29,2
14584,170,8,1674.3599999999997,2
14585,51,5,1143.2699999999995,1
14586,277,1,134.16,0
14587,19,9,1580.29,2
14588,579,1,135.39000000000001,0
14589,372,1,39.75,0
14590,425,20,2977.9200000000005,2
14591,16,4,1320.2100000000005,1
14592,36,3,557.9399999999998,1
14593,22,12,3665.5300000000007,2
14594,8,2,363.33,1
14595,20,8,2164.4500000000003,2
14596,627,1,222.21999999999994,0
14597,12,6,2184.63,2
14598,45,1,221.97000000000003,1
14599,391,2,457.89,0
14600,306,2,865.1699999999998,1
14601,11,1,213.96000000000004,1
14602,657,1,205.35999999999999,0
14603,275,1,660.0,0
14604,634,1,143.86,0
14605,375,4,921.56,0
14606,2,191,29445.88999999993,2
14607,16,21,18628.23,2
14608,5,11,3352.9399999999996,2
14609,73,9,1222.1999999999998,2
14610,396,2,24.35,0
14611,444,2,604.3299999999999,0
14612,416,1,877.6999999999998,0
14613,681,1,76.32000000000001,0
14614,387,1,295.13,0
14615,395,5,936.76,0
14616,243,5,527.7800000000001,1
14617,403,2,190.47,0
14618,10,7,1327.47,2
14619,246,2,1291.2399999999998,1
14620,206,2,412.78,1
14621,2,9,3000.57,2
14622,185,1,320.58,1
14623,33,10,1993.3299999999995,2
14624,58,6,814.0700000000002,1
14625,197,11,4463.980000000001,2
14626,24,11,5395.919999999998,2
14627,380,1,462.75,0
14628,92,5,1998.0,1
14629,5,2,955.2599999999995,1
14630,485,1,338.65,0
14631,51,6,2025.69,2
14632,263,1,114.55999999999999,0
14633,267,1,344.9000000000001,0
14634,438,4,2111.26,0
14635,454,1,215.22,0
14636,37,2,609.85,1
14637,678,1,106.67999999999998,0
14638,51,1,443.6,1
14639,53,9,4951.0599999999995,2
14640,25,10,3478.58,2
14641,22,1,110.46,1
14642,59,1,96.12,1
14643,171,5,1679.89,1
14644,68,6,2213.82,2
14645,157,3,859.09,1
14646,2,147,525001.7399999996,2
14647,202,2,506.03999999999996,1
14648,417,15,4426.4,2
14649,5,9,3634.29,2
14650,590,1,62.5,0
14651,68,9,2025.5199999999995,2
14652,78,1,114.18000000000002,1
14653,2,12,3593.06,2
14654,739,1,246.86,0
14655,9,7,3878.51,2
14656,170,5,790.0000000000002,1
14657,18,6,1440.2400000000002,1
14658,6,2,247.15,1
14659,9,9,2510.03,2
14660,87,2,285.73999999999995,1
14661,27,1,107.95,1
14662,29,7,1376.4299999999998,2
14663,431,2,490.59999999999974,0
14664,20,2,636.2399999999999,1
14665,61,7,2181.18,2
14666,25,1,195.24999999999997,1
14667,11,54,20367.639999999992,2
14668,446,1,111.63000000000001,0
14669,242,7,3216.78,2
14670,281,3,583.3299999999999,1
14671,550,2,1127.45,0
14672,235,4,1113.14,1
14673,4,7,3037.32,2
14674,510,1,173.66000000000003,0
14675,17,2,1015.58,1
14676,32,12,8356.79,2
14677,593,1,184.90999999999997,0
14678,580,1,386.44,0
14679,382,3,1289.44,0
14680,26,57,54732.219999999994,2
14681,72,6,875.1500000000001,1
14682,188,6,1514.81,1
14683,589,1,146.56000000000003,0
14684,26,6,1430.0299999999995,1
14685,577,8,4390.79,0
14686,415,5,852.5300000000004,0
14687,107,3,1402.06,1
14688,8,28,7127.97,2
14689,209,1,112.80000000000001,0
14690,45,4,768.8299999999999,1
14691,31,5,2114.33,1
14692,138,12,1715.14,2
14693,265,7,1139.86,1
14694,618,1,244.31,0
14695,520,3,1534.2199999999998,0
14696,5,8,2473.28,2
14697,219,2,188.60999999999996,1
14698,2,5,1217.270000000001,1
14699,215,4,702.5999999999998,1
14700,33,5,3076.0599999999995,2
14701,11,15,4462.210000000002,2
14702,2,29,6351.780000000001,2
14703,15,1,318.1699999999999,1
14704,12,11,1752.9200000000005,2
14705,199,1,179.0,1
14706,619,1,367.53999999999996,0
14707,436,2,139.2,0
14708,3,5,1763.52,1
14709,16,25,8886.329999999998,2
14710,15,13,1899.79,2
14711,11,11,2809.0200000000004,2
14712,30,4,1328.0700000000002,1
14713,10,21,5088.76,2
14714,25,4,906.24,1
14715,25,8,1825.4499999999998,2
14716,44,3,543.28,1
14717,734,1,81.3,0
14718,411,1,226.42000000000002,0
14719,2,5,1581.8399999999997,1
14720,6,3,663.8100000000001,1
14721,380,1,109.07,0
14722,148,3,489.52000000000004,1
14723,11,11,1803.0599999999997,2
14724,591,1,341.9,0
14725,25,4,1202.3400000000001,1
14726,655,1,116.5,0
14727,275,2,291.13,0
14728,414,1,190.57999999999996,0
14729,374,3,586.2399999999999,0
14730,2,8,1897.569999999999,2
14731,48,3,380.02,1
14732,9,19,5487.67,2
14733,17,15,14335.15,2
14734,426,4,1045.47,0
14735,4,56,11977.66,2
14736,486,2,374.05,0
14737,4,4,3554.17,2
14738,43,9,1797.3900000000003,2
14739,5,25,11573.619999999999,2
14740,198,11,4093.8599999999997,2
14741,12,7,1713.09,2
14742,436,1,579.8499999999997,0
14743,593,1,50.48,0
14744,17,14,3648.629999999999,2
14745,113,12,2551.41,2
14746,407,4,593.5,0
14747,250,1,294.29999999999995,0
14748,30,9,2282.64,2
14749,480,1,310.15,0
14750,737,1,112.03000000000002,0
14751,685,2,126.45000000000002,0
14752,44,1,389.63999999999993,1
14753,88,2,869.51,1
14754,45,6,1547.93,1
14755,10,25,9911.150000000001,2
14756,16,3,2633.8599999999997,1
14757,76,1,420.5,1
14758,145,7,2864.9700000000003,2
14759,5,3,1625.9699999999998,1
14760,298,1,53.8,0
14761,59,3,447.91999999999996,1
14762,264,2,417.56999999999994,1
14764,47,1,278.3,1
14765,30,3,254.10999999999999,1
14766,9,11,6334.9299999999985,2
14767,475,1,382.80999999999995,0
14768,18,2,139.5,1
14769,3,17,15493.409999999998,2
14770,233,8,3624.89,2
14771,622,2,584.42,0
14772,113,1,139.26,1
14773,593,1,125.7,0
14774,529,1,241.45,0
14775,59,3,1011.8999999999997,1
14776,52,15,3352.5599999999995,2
14777,404,1,273.65999999999997,0
14778,128,2,730.86,1
14779,281,3,386.1499999999999,1
14780,55,2,447.6799999999999,1
14782,320,1,200.10000000000002,0
14783,660,1,307.3,0
14784,27,3,449.93,1
14785,11,2,77.4,1
14786,551,1,90.96000000000001,0
14787,472,1,110.64999999999999,0
14788,8,3,1156.3199999999997,1
14789,29,1,197.64000000000001,1
14790,17,10,2526.62,2
14791,607,1,303.63,0
14792,64,1,6.2,1
14793,22,2,625.9000000000001,1
14794,3,10,1936.9499999999994,2
14795,167,1,131.45,1
14796,2,27,10096.140000000001,2
14797,508,1,300.31,0
14798,53,8,724.31,1
14799,52,2,338.15,1
14800,48,17,6997.4800000000005,2
14801,62,1,189.3399999999999,1
14803,163,3,845.55,1
14804,9,1,353.2699999999999,1
14805,16,7,1082.5500000000002,1
14806,76,2,303.43000000000006,1
14807,391,2,504.14,0
14808,40,8,2557.499999999999,2
14809,622,2,686.7600000000001,0
14810,41,13,2354.0299999999997,2
14811,388,1,170.50000000000006,0
14812,599,1,178.85000000000005,0
14813,370,4,888.9099999999996,0
14814,582,1,154.21,0
14815,37,2,778.5,1
14816,198,1,271.85,1
14817,201,7,3934.360000000001,2
14818,74,6,1153.56,1
14819,65,4,456.41,1
14820,22,9,1274.7600000000002,2
14821,367,7,1230.15,1
14822,486,1,157.70000000000002,0
14823,181,3,321.4299999999999,1
14824,11,10,4008.960000000001,2
14825,4,24,4721.580000000001,2
14826,582,2,385.20000000000005,0
14828,197,13,9808.26,2
14829,30,7,1440.87,2
14830,54,1,188.88,1
14831,681,3,1676.5699999999997,0
14833,499,1,94.8,0
14834,18,7,2206.1599999999994,2
14835,529,2,297.0,0
14836,11,3,102.44999999999999,1
14837,90,9,3460.3200000000006,2
14838,424,2,769.92,0
14839,419,3,915.28,0
14840,268,2,347.71,1
14841,54,14,7163.0,2
14842,44,4,2516.9400000000005,1
14843,437,1,211.79999999999995,0
14844,64,10,6702.4299999999985,2
14845,600,1,150.0,0
14846,428,1,437.4,0
14847,149,3,1348.9499999999998,1
14848,405,1,310.56,0
14849,22,42,15217.649999999998,2
14850,312,6,1599.7599999999998,1
14851,24,3,829.4100000000001,1
14852,59,18,6132.430000000002,2
14853,25,5,1376.87,1
14854,79,11,4303.0599999999995,2
14855,120,7,6520.299999999999,2
14856,37,3,1290.5300000000007,1
14857,60,7,3588.101,2
14858,506,1,180.75,0
14859,13,5,1705.6399999999999,1
14860,20,1,170.32000000000002,1
14861,53,10,1336.3300000000002,2
14862,26,2,841.2,1
14863,30,1,266.76,1
14865,8,4,92.52000000000001,1
14866,11,19,20567.98,2
14867,186,16,2952.06,2
14868,4,12,4184.01,2
14869,9,6,2778.14,2
14870,262,6,1819.0500000000002,1
14871,4,9,1228.1699999999996,2
14872,484,3,802.68,0
14873,211,2,854.13,1
14874,536,1,116.18,0
14875,108,3,2862.3999999999996,1
14876,522,2,256.70000000000005,0
14877,419,2,425.85,0
14878,13,25,3934.2999999999993,2
14879,685,1,185.06000000000003,0
14880,78,3,690.5899999999999,1
14881,20,1,255.4,1
14882,27,14,3345.0499999999997,2
14883,19,6,761.59,1
14884,670,1,120.6,0
14885,132,3,1496.12,1
14886,253,1,364.80000000000007,0
14887,80,1,1862.0,1
14888,208,1,369.2,1
14889,337,1,135.9,0
14890,254,3,817.2500000000001,1
14891,149,4,1106.73,1
14892,691,1,202.35000000000002,0
14893,10,3,1790.1100000000004,1
14894,86,3,1492.81,1
14895,8,37,24608.990000000005,2
14896,205,8,1812.5,2
14897,8,8,3140.54,2
14898,24,14,3365.95,2
14899,396,1,1331.3799999999999,0
14900,523,1,13.919999999999998,0
14901,12,12,1916.45,2
14902,26,3,1035.62,1
14903,22,5,2778.4299999999994,2
14904,3,4,1630.49,1
14905,158,8,1959.69,2
14907,4,16,5534.22,2
14908,75,2,381.9,1
14909,438,3,1404.6799999999998,0
14910,3,4,401.9699999999999,1
14911,2,380,271747.4400000006,2
14912,17,6,1889.25,2
14913,36,8,4073.130000000001,2
14915,92,11,1811.25,2
14916,71,8,3003.6499999999996,2
14917,597,2,1123.75,0
14918,116,9,5955.81,2
14919,540,1,359.34999999999997,0
14920,213,3,1607.17,1
14921,31,2,1316.0700000000002,1
14922,394,2,843.74,0
14923,51,1,749.0999999999998,1
14924,246,3,931.01,1
14926,382,2,359.4,0
14927,397,1,308.19999999999993,0
14928,628,1,209.06,0
14929,33,2,836.69,1
14930,109,6,5236.7300000000005,2
14931,5,4,964.68,1
14932,366,2,666.13,0
14933,444,3,885.0,0
14934,82,3,2523.170000000001,1
14935,298,2,2849.8299999999995,1
14936,34,12,12398.060000000005,2
14937,57,3,1621.88,1
14938,563,2,2322.4300000000003,0
14940,418,2,531.49,0
14941,579,1,182.09999999999997,0
14942,402,4,746.56,0
14943,664,1,107.62,0
14944,30,19,9738.770000000002,2
14945,414,1,179.39999999999998,0
14946,15,1,100.9,1
14947,73,6,1049.79,1
14948,24,6,1066.57,1
14949,470,4,515.0,0
14950,20,1,371.2,1
14951,80,1,311.69000000000005,1
14952,60,32,17569.550000000003,2
14953,26,4,971.3199999999999,1
14954,13,2,462.11999999999995,1
14955,733,1,163.76999999999998,0
14956,422,1,1325.0,0
14957,254,2,261.69,1
14958,148,6,941.99,1
14959,65,4,695.4200000000001,1
14960,9,2,221.27000000000004,1
14961,11,22,16372.349999999999,2
14962,271,4,366.90999999999997,1
14963,10,12,3123.5699999999997,2
14964,248,1,206.21,0
14965,97,2,596.0899999999999,1
14966,15,6,1064.2600000000002,1
14967,50,6,1982.6100000000001,2
14968,31,2,501.24,1
14969,704,1,906.23,0
14970,69,12,4579.349999999999,2
14971,36,3,1097.9799999999993,1
14972,129,2,145.07000000000002,1
14973,108,3,1314.45,1
14974,38,1,89.94,1
14975,58,2,472.39,1
14976,58,7,790.8599999999999,1
14977,726,1,31.929999999999996,0
14978,73,10,3092.2900000000004,2
14979,736,1,429.6599999999999,0
14980,738,1,150.68,0
14981,247,2,313.52,1
14982,573,1,237.78,0
14983,690,1,183.2000000000001,0
14984,20,6,1260.5100000000002,1
14985,199,2,292.01,1
14986,377,2,563.1,0
14987,16,8,1550.65,2
14988,212,7,2038.6500000000003,2
14989,662,1,342.40000000000003,0
14990,613,2,304.16999999999996,0
14991,431,1,314.66999999999996,0
14992,443,1,210.49999999999997,0
14993,564,1,36.129999999999995,0
14994,383,5,908.4899999999997,0
14995,39,2,231.98000000000002,1
14996,482,2,442.2900000000001,0
14997,47,4,776.5999999999999,1
14998,171,4,753.1799999999998,1
14999,593,1,129.48,0
15000,48,1,490.52,1
15001,395,2,199.10999999999996,0
15002,116,9,4138.08,2
15003,474,6,1027.0300000000002,0
15004,148,1,1220.77,1
15005,16,56,13556.660000000003,2
15006,52,2,757.7799999999997,1
15007,160,1,156.91000000000003,1
15008,481,2,360.0,0
15009,13,3,1259.4299999999998,1
15010,36,1,308.94000000000005,1
15011,396,2,416.6,0
15012,54,3,646.2599999999998,1
15013,488,10,1610.82,0
15014,44,2,257.66999999999996,1
15015,502,12,2342.7400000000002,2
15016,173,5,614.99,1
15017,34,1,125.58000000000003,1
15018,39,3,456.26,1
15019,267,1,252.81,0
15020,380,1,198.46999999999997,0
15021,9,12,2471.5499999999993,2
15022,12,5,1133.4399999999996,1
15023,4,20,11541.410000000003,2
15024,10,16,3559.39,2
15025,34,2,979.79,1
15026,81,5,1048.8899999999999,1
15027,31,10,2988.2399999999993,2
15028,9,6,962.9399999999998,1
15029,620,1,365.1,0
15030,72,8,1967.1599999999999,2
15031,5,14,3049.69,2
15032,257,8,10515.05,2
15033,5,10,2529.5299999999997,2
15034,16,14,8231.199999999999,2
15035,90,1,252.72999999999996,1
15036,73,3,429.55999999999983,1
15037,377,2,397.76,0
15038,59,9,1129.1299999999997,2
15039,10,93,38883.28999999997,2
15040,542,1,7.49,0
15041,171,2,289.40000000000003,1
15042,200,2,315.45000000000005,1
15043,32,6,2870.3199999999997,2
15044,20,34,15895.650000000003,2
15045,152,2,633.66,1
15046,10,25,7420.28,2
15047,270,1,343.62,0
15048,66,4,381.00000000000006,1
15049,274,1,121.17000000000002,0
15050,26,5,4032.2700000000004,2
15051,24,9,3911.9099999999994,2
15052,320,1,207.73,0
15053,5,3,693.9499999999998,1
15054,13,2,302.09999999999997,1
15055,475,3,549.1199999999999,0
15056,521,1,113.64999999999999,0
15057,276,5,3184.5599999999995,2
15058,26,16,3387.58,2
15059,41,19,3476.95,2
15060,9,4,294.24999999999994,1
15061,4,126,125722.17999999998,2
15062,72,8,2585.62,2
15063,214,1,370.79999999999995,1
15064,411,4,1254.41,0
15065,38,5,3316.36,2
15066,54,1,833.2400000000001,1
15067,79,5,3850.1300000000006,2
15068,47,4,1174.8999999999999,1
15069,180,1,1109.5300000000007,1
15070,373,3,737.0500000000002,0
15071,94,4,1455.56,1
15072,480,1,187.51999999999998,0
15073,10,8,2360.24,2
15074,106,3,1553.13,1
15075,78,1,773.0300000000002,1
15076,173,3,1436.7900000000002,1
15077,495,2,2428.0800000000004,0
15078,8,53,17188.53,2
15079,213,11,3574.6500000000005,2
15080,428,2,546.2500000000001,0
15081,23,12,1844.62,2
15082,669,1,93.35,0
15083,257,1,88.19999999999999,0
15084,380,2,965.2,0
15085,730,1,347.53999999999996,0
15086,565,2,218.53000000000003,0
15087,282,1,306.94,0
15088,22,2,1160.07,1
15089,11,6,2420.8400000000006,2
15090,309,1,381.32000000000005,0
15091,68,3,1046.6100000000001,1
15092,216,3,776.46,1
15093,19,23,13183.979999999996,2
15094,464,2,83.0,0
15095,104,10,3141.64,2
15096,43,1,219.39,1
15097,5,3,890.6500000000001,1
15098,183,2,39619.5,2
15099,85,1,410.48,1
15100,334,7,2114.3999999999996,2
15101,9,6,1477.94,1
15102,531,2,554.67,0
15103,32,2,703.36,1
15104,197,2,976.5899999999997,1
15105,19,9,3094.9100000000003,2
15106,18,5,1415.6799999999998,1
15107,312,9,773.3499999999999,1
15108,142,4,1300.2499999999998,1
15109,246,3,983.0999999999999,1
15110,24,6,1505.85,1
15111,30,5,2442.37,2
15112,612,1,209.4,0
15113,10,3,3339.5100000000007,1
15114,31,12,3400.1200000000003,2
15115,19,2,531.8500000000001,1
15116,18,4,1352.75,1
15117,15,8,2485.97,2
15118,135,1,244.8,1
15119,246,1,266.4,0
15120,134,1,343.8199999999999,1
15121,51,2,457.72,1
15122,115,11,4477.070000000001,2
15123,8,5,4656.169999999999,2
15124,23,4,450.81999999999994,1
15125,26,23,16520.07,2
15126,537,2,449.48999999999995,0
15127,66,2,711.5,1
15128,61,5,1765.9800000000005,1
15129,51,23,6860.18,2
15130,170,1,330.11,1
15131,395,1,80.28000000000002,0
15132,19,5,977.9300000000001,1
15133,128,5,1806.8999999999999,1
15134,15,10,1596.29,2
15135,240,2,305.67999999999995,1
15136,3,4,1286.7,1
15137,521,2,823.4,0
15138,394,1,502.5199999999999,0
15139,240,2,178.96000000000004,1
15140,53,8,3243.6900000000005,2
15141,458,7,1388.47,0
15142,47,6,2619.9199999999996,2
15143,226,2,563.6299999999999,1
15144,9,29,12077.359999999997,2
15145,5,4,1194.73,1
15146,165,2,1327.1600000000005,1
15147,241,1,623.5,1
15148,11,1,301.28999999999996,1
15149,134,5,1554.6100000000001,1
15150,18,13,8967.440000000002,2
15151,424,2,2085.61,0
15152,10,14,5263.830000000001,2
15153,32,1,329.25,1
15154,76,3,1314.1700000000005,1
15155,384,1,383.96999999999997,0
15156,2,3,961.4899999999999,1
15157,4,5,2629.630000000001,2
15158,46,2,441.0200000000001,1
15159,2,34,22086.85000000001,2
15160,358,4,589.27,0
15161,389,1,119.92000000000003,0
15162,732,1,312.9,0
15163,19,2,304.47,1
15164,69,9,2011.2099999999998,2
15165,374,1,487.75,0
15166,468,1,167.15999999999997,0
15167,321,5,1627.6200000000001,1
15168,26,1,106.56,1
15169,383,2,569.22,0
15170,407,1,81.15,0
15171,332,1,1034.5,0
15172,9,5,1624.0499999999997,1
15173,381,7,1494.6,1
15174,323,2,481.46,0
15175,72,1,224.14000000000007,1
15176,668,1,988.0400000000003,0
15177,426,1,948.9299999999998,0
15178,261,1,40.5,0
15179,19,13,7491.92,2
15180,368,3,816.9300000000001,0
15181,67,5,1200.2,1
15182,155,11,2967.352,2
15183,548,3,639.93,0
15184,30,4,685.3900000000001,1
15185,71,1,310.62000000000006,1
15186,15,5,1403.1999999999998,1
15187,2,16,4746.58,2
15188,726,1,310.42999999999995,0
15189,2,46,17498.879999999997,2
15190,435,1,834.4399999999999,0
15191,464,3,588.05,0
15192,120,5,1666.3899999999999,1
15193,61,1,499.32,1
15194,4,28,11942.329999999998,2
15195,3,1,3861.0,1
15196,433,2,313.7,0
15197,11,6,1458.1100000000001,1
15198,93,5,571.35,1
15199,60,10,3122.4,2
15200,495,1,549.0499999999998,0
15201,88,7,1803.1700000000003,2
15203,26,15,4400.179999999999,2
15204,358,1,316.58000000000004,0
15205,86,2,653.2399999999999,1
15206,11,4,420.29999999999995,1
15207,417,3,663.52,0
15208,2,6,970.5199999999999,1
15209,731,1,178.97999999999996,0
15210,226,3,1176.1899999999996,1
15211,61,2,894.4100000000001,1
15212,242,2,208.27999999999997,1
15213,319,2,328.34999999999997,0
15214,2,8,1661.4399999999998,2
15215,47,7,1618.17,2
15216,88,2,486.09000000000003,1
15217,564,1,426.2400000000001,0
15218,11,22,11447.83,2
15219,177,2,685.45,1
15220,52,6,1758.9199999999998,2
15221,367,4,1886.6,1
15222,319,11,3550.9100000000003,2
15223,226,4,1117.1,1
15224,359,5,871.36,0
15225,235,1,409.4000000000001,1
15226,311,1,154.41,0
15227,37,9,2488.4900000000002,2
15228,67,6,5580.27,2
15229,587,1,160.5,0
15230,240,2,429.6,1
15231,622,1,250.25999999999993,0
15232,114,2,612.0600000000001,1
15233,402,1,59.400000000000006,0
15234,277,1,197.0,0
15235,218,16,2772.7600000000007,2
15236,299,1,321.05,0
15237,2,4,1412.3200000000006,1
15238,30,3,1059.49,1
15239,11,2,780.59,1
15240,45,12,4376.410000000001,2
15241,67,11,3032.31,2
15242,423,1,302.04,0
15243,75,2,927.2800000000002,1
15244,66,3,890.1300000000001,1
15245,135,8,4610.84,2
15246,239,3,780.3999999999999,1
15247,123,3,976.06,1
15248,412,3,1893.9299999999996,0
15249,32,18,9212.0,2
15250,641,1,60.0,0
15251,10,21,20324.539999999994,2
15252,37,5,2080.01,1
15253,17,8,2055.09,2
15254,128,3,1088.3500000000001,1
15255,67,9,3659.27,2
15256,149,2,170.4,1
15257,284,2,520.9,1
15258,169,2,623.1600000000001,1
15259,513,4,1182.3799999999999,0
15260,101,25,8722.880000000001,2
15261,136,4,1508.0,1
15262,324,3,418.82,0
15263,107,1,156.50999999999996,1
15264,65,2,848.4000000000001,1
15265,152,4,3345.6400000000012,1
15266,339,5,852.21,1
15267,23,5,1717.36,1
15268,479,3,961.9000000000001,0
15269,24,3,1225.36,1
15270,16,21,8209.36,2
15271,8,24,4479.539999999999,2
15272,58,6,2030.9499999999996,2
15273,600,1,228.96,0
15274,5,2,716.5699999999999,1
15275,38,1,615.1399999999999,1
15276,67,3,601.2999999999997,1
15277,47,2,476.34,1
15278,562,4,496.15999999999997,0
15279,355,5,1567.94,1
15280,173,3,397.52000000000004,1
15281,59,16,8437.119999999994,2
15282,571,1,348.59000000000003,0
15283,391,3,148.33,0
15284,501,1,24.75,0
15285,408,1,94.91999999999999,0
15286,50,1,240.55,1
15287,23,5,856.03,1
15288,44,10,3715.38,2
15289,30,5,1575.3899999999999,1
15290,5,26,10366.38,2
15291,26,40,13464.060000000001,2
15292,202,1,178.39,1
15293,666,1,247.50000000000003,0
15294,411,1,233.35,0
15295,655,1,207.03999999999994,0
15296,51,11,10251.580000000002,2
15297,11,3,641.94,1
15298,3,23,9008.27,2
15299,68,9,5556.530000000001,2
15300,65,1,496.4399999999999,1
15301,51,17,6874.77,2
15302,731,1,291.04999999999995,0
15303,291,3,1178.7799999999997,1
15304,61,9,796.4,1
15305,556,1,93.6,0
15306,65,9,3484.7299999999996,2
15307,96,1,205.3,1
15308,275,1,310.47,0
15309,611,3,736.7600000000001,0
15310,479,1,1634.64,0
15311,1,207,113327.78000000006,2
15312,76,12,2930.19,2
15313,111,1,52.0,1
15314,200,3,800.6499999999999,1
15315,65,2,551.5399999999998,1
15316,327,1,165.0,0
15317,678,1,129.75,0
15318,4,1,312.62,1
15319,284,1,204.5,0
15320,45,1,267.13,1
15321,71,12,6692.0300000000025,2
15322,86,2,1323.2999999999997,1
15323,563,3,342.90000000000003,0
15324,702,1,140.22000000000003,0
15325,104,8,1601.46,2
15326,334,5,1607.3200000000002,1
15327,53,1,208.75000000000003,1
15328,408,1,107.24000000000002,0
15329,40,10,2825.7300000000005,2
15330,33,2,714.96,1
15331,500,3,756.6599999999999,0
15332,367,6,4892.680000000001,2
15333,209,1,1028.56,1
15334,157,3,350.8199999999999,1
15335,54,1,170.22000000000003,1
15336,402,1,240.5,0
15337,412,1,373.02,0
15338,678,1,277.9299999999999,0
15339,67,7,1660.52,2
15340,562,1,105.50000000000001,0
15341,81,2,2402.72,1
15342,130,1,392.5899999999999,1
15343,88,1,364.5,1
15344,1,3,504.14,1
15345,46,1,373.59,1
15346,333,3,596.12,0
15347,367,3,1147.15,0
15348,73,1,158.03999999999996,1
15349,159,2,463.90999999999985,1
15350,374,2,547.5999999999999,0
15351,13,10,3385.6700000000005,2
15352,549,1,111.15,0
15353,255,7,2794.4700000000003,2
15355,30,2,277.05000000000007,1
15356,32,13,3239.570000000001,2
15358,5,42,16388.01,2
15359,663,7,165.45,0
15360,40,1,427.92999999999995,1
15361,362,4,689.0700000000002,0
15362,449,2,613.0799999999999,0
15363,373,2,678.11,0
15364,96,2,913.1900000000002,1
15365,26,13,3795.9800000000005,2
15366,76,7,2389.08,2
15367,58,11,5015.63,2
15368,22,2,722.74,1
15369,493,11,6251.26,2
15370,41,8,3739.010000000001,2
15371,663,1,59.400000000000006,0
15372,138,8,5962.66,2
15373,9,17,2881.7400000000002,2
15374,129,2,307.32000000000005,1
15375,691,1,60.959999999999994,0
15376,41,3,1221.5600000000002,1
15377,383,4,1211.75,0
15378,463,2,246.5,0
15379,170,8,4824.139999999999,2
15380,9,11,3248.96,2
15381,214,5,1890.57,1
15382,15,12,13687.199999999999,2
15384,170,4,2027.79,1
15385,41,3,942.08,1
15386,187,1,394.14000000000004,1
15387,493,1,468.6499999999998,0
15388,271,1,140.54,0
15389,173,5,2733.8,2
15390,397,2,1216.66,0
15391,585,1,289.87,0
15392,5,7,2891.82,2
15393,17,5,891.3399999999999,1
15394,10,11,5261.300000000001,2
15395,326,1,107.45000000000002,0
15396,113,2,796.38,1
15397,290,1,94.0,0
15398,17,2,1345.53,1
15399,2,3,815.77,1
15400,93,8,1252.8,2
15401,453,2,216.95,0
15402,149,6,1830.5400000000002,2
15403,492,2,170.88,0
15404,376,1,257.06,0
15405,190,2,659.8399999999999,1
15406,32,4,955.9699999999998,1
15407,34,4,1046.7399999999998,1
15408,265,1,267.17999999999995,0
15409,722,1,131.25,0
15410,85,10,4685.720000000001,2
15411,27,4,1336.4299999999998,1
15412,172,1,190.53000000000003,1
15413,692,5,6798.72,0
15414,10,3,774.8999999999999,1
15415,314,1,559.6099999999998,0
15416,65,7,4572.819999999999,2
15417,86,1,508.8000000000001,1
15418,426,2,449.42,0
15419,25,1,135.86,1
15420,435,6,743.0,0
15421,59,10,3805.3399999999997,2
15422,324,7,1619.97,2
15423,39,3,219.14,1
15424,255,3,597.78,1
15425,401,4,1941.12,0
15426,20,9,2143.9599999999996,2
15427,34,3,1430.5399999999997,1
15428,16,4,762.75,1
15429,27,2,397.35,1
15430,468,2,914.95,0
15431,503,1,153.24,0
15432,24,2,320.76,1
15433,214,2,533.3,1
15434,9,11,2528.0600000000004,2
15435,23,1,149.29000000000005,1
15436,13,3,1067.75,1
15437,263,2,393.45000000000005,1
15438,132,1,156.57999999999998,1
15439,405,4,1269.0500000000002,0
15440,55,3,383.68000000000006,1
15441,397,3,1254.21,0
15442,249,1,594.0,1
15443,2,14,5061.76,2
15444,10,2,1411.2100000000016,1
15445,265,2,284.5,0
15446,377,3,396.75,0
15447,331,5,492.88,0
15448,313,2,788.81,0
15449,27,3,974.5199999999998,1
15450,31,1,429.84,1
15451,435,2,226.86,0
15452,30,6,1785.1099999999997,2
15453,2,7,1371.7699999999995,2
15454,363,2,305.99,0
15455,598,1,38.25,0
15456,284,10,2091.5199999999995,2
15457,263,1,237.07000000000002,0
15458,26,2,370.43999999999994,1
15459,418,2,202.82999999999998,0
15460,355,1,214.26,0
15461,461,2,429.7,0
15462,95,4,737.05,1
15463,30,1,126.14,1
15464,339,1,1044.6500000000005,0
15465,20,32,12042.25,2
15466,86,4,1560.46,1
15467,10,3,524.88,1
15468,52,3,1430.48,1
15469,51,3,874.25,1
15470,576,1,63.419999999999995,0
15471,3,3,1292.0099999999998,1
15472,114,1,371.56,1
15473,15,7,1740.0,2
15474,596,1,150.35000000000002,0
15475,78,1,454.10999999999984,1
15476,381,4,2180.28,0
15477,650,1,368.4,0
15478,41,3,1983.4799999999996,1
15479,734,1,147.39999999999998,0
15480,117,3,3592.249999999999,1
15481,402,1,1993.3400000000004,0
15482,16,18,10501.919999999998,2
15483,162,10,817.8199999999999,2
15484,2,6,4620.900000000001,2
15485,31,7,4810.92,2
15486,528,1,102.0,0
15487,680,1,231.32000000000002,0
15488,93,5,431.92,1
15489,23,8,2386.91,2
15490,431,1,210.84999999999997,0
15491,96,6,3100.09,2
15492,29,2,659.4599999999999,1
15493,33,9,4087.13,2
15494,22,5,3702.6000000000004,2
15495,380,1,246.49999999999997,0
15496,632,1,146.14,0
15497,18,9,8657.390000000001,2
15498,3,44,24882.859999999997,2
15499,724,1,158.64999999999998,0
15500,9,4,1131.5600000000002,1
15501,405,2,399.9499999999998,0
15502,16,12,9380.550000000001,2
15503,363,2,257.3,0
15504,82,4,402.70000000000005,1
15505,53,5,3497.1399999999994,2
15506,23,6,2030.3300000000006,2
15507,172,1,475.85999999999996,1
15508,190,6,1000.2700000000002,1
15509,381,1,152.41,0
15510,331,1,250.0,0
15511,12,5,900.5299999999995,1
15512,156,4,331.58,1
15513,34,35,26103.210000000003,2
15514,13,18,5293.239999999998,2
15515,388,1,171.80999999999997,0
15516,45,3,62.43,1
15517,234,1,267.03000000000003,1
15518,65,15,4122.84,2
15519,384,2,344.61,0
15520,2,1,343.49999999999994,1
15521,41,16,6874.640000000001,2
15522,33,2,397.99,1
15523,85,16,17259.19,2
15524,25,2,591.4,1
15525,3,4,875.3199999999999,1
15526,34,2,148.44,1
15527,19,23,5355.44,2
15528,255,1,229.32999999999993,0
15529,23,12,4758.759999999998,2
15530,22,5,1808.6799999999998,1
15531,9,2,1972.3899999999996,1
15532,26,10,3681.25,2
15533,20,3,793.7199999999999,1
15534,726,1,162.25,0
15535,174,6,1031.62,1
15536,410,1,259.09000000000003,0
15537,164,1,110.92000000000003,1
15538,538,6,3358.4,0
15539,8,1,538.46,1
15540,12,2,460.68000000000006,1
15541,115,1,85.13000000000002,1
15542,513,3,833.16,0
15543,289,2,242.26,0
15544,10,20,7793.039999999999,2
15545,55,2,288.97,1
15546,607,1,539.5500000000001,0
15547,8,26,10057.050000000003,2
15548,596,1,158.08999999999997,0
15549,78,8,2296.66,2
15550,5,12,1994.6,2
15551,37,6,1625.8099999999997,1
15552,218,2,252.51999999999998,1
15553,61,1,428.9299999999999,1
15554,278,1,217.2,0
15555,13,36,11018.210000000003,2
15556,25,1,279.77,1
15557,29,1,468.90999999999997,1
15558,640,1,131.88,0
15559,569,1,1109.3999999999996,0
15560,398,2,153.51999999999998,0
15561,12,8,1866.44,2
15562,352,3,671.43,0
15563,23,7,2824.42,2
15564,464,2,70.74000000000001,0
15565,51,2,173.16000000000003,1
15566,393,2,227.87,0
15567,19,1,186.01000000000002,1
15568,3,3,758.29,1
15569,104,10,3583.45,2
15570,8,25,8705.790000000003,2
15571,12,14,3892.3499999999963,2
15572,5,10,3965.2000000000003,2
15573,32,5,1188.4199999999998,1
15574,178,6,1101.44,1
15575,620,1,30.1,0
15576,38,1,921.3700000000002,1
15577,152,5,396.02999999999986,1
15578,163,1,127.1,1
15579,69,5,1215.38,1
15580,377,8,1295.44,1
15581,121,38,7356.750000000002,2
15582,25,3,682.9100000000001,1
15583,377,1,95.96000000000001,0
15584,24,6,1259.6999999999998,1
15585,177,1,455.30000000000007,1
15586,593,3,1139.1,0
15587,51,7,1522.0800000000002,2
15588,678,1,579.6,0
15589,256,3,456.58,1
15590,383,5,1496.6,0
15591,583,3,217.9,0
15592,47,1,388.58,1
15593,71,1,199.8,1
15594,16,5,1771.7799999999995,1
15595,488,1,357.6,0
15596,101,9,2663.7200000000003,2
15597,36,2,563.37,1
15598,54,2,548.02,1
15599,27,3,1250.06,1
15600,429,4,1186.56,0
15601,12,30,14179.240000000002,2
15602,9,16,3005.2099999999996,2
15603,79,2,88.48,1
15604,53,1,216.39000000000001,1
15605,37,9,1741.95,2
15606,62,17,5211.19,2
15607,337,9,1649.5699999999997,2
15608,29,5,1785.98,1
15609,185,1,270.03000000000003,1
15610,52,1,112.46,1
15611,10,26,2925.13,2
15612,37,2,195.15,1
15613,611,1,433.7199999999999,0
15614,438,4,3028.5600000000004,0
15615,11,47,21357.019999999997,2
15616,439,1,317.10999999999996,0
15617,397,3,828.5500000000002,0
15618,33,4,756.931,1
15619,11,1,336.40000000000003,1
15620,57,4,1927.3599999999997,1
15621,5,4,1214.07,1
15622,44,17,7416.61,2
15623,142,8,2437.05,2
15624,117,4,588.13,1
15625,104,9,3221.4000000000005,2
15626,75,3,1052.6699999999998,1
15627,458,2,566.8999999999999,0
15628,5,17,5302.630000000001,2
15629,451,4,2240.8999999999996,0
15630,46,3,1481.4,1
15631,643,1,596.6700000000001,0
15632,16,8,3170.1099999999997,2
15633,510,13,4306.259999999999,2
15634,18,2,554.6500000000001,1
15635,396,1,100.35,0
15636,90,4,1444.58,1
15637,53,5,797.5899999999999,1
15638,379,6,2265.2,2
15639,135,3,1047.6799999999998,1
15640,5,29,23474.810000000005,2
15641,106,12,5345.550000000002,2
15642,730,1,105.78000000000003,0
15643,192,3,664.0,1
15644,167,4,803.5399999999997,1
15645,19,3,1042.5699999999997,1
15646,158,5,762.3100000000002,1
15647,416,1,169.0,0
15648,205,2,588.5,1
15649,337,4,1660.35,1
15650,522,2,539.03,0
15651,37,5,1259.06,1
15652,92,5,1397.4399999999998,1
15653,93,2,877.4399999999999,1
15654,10,2,922.5300000000002,1
15655,244,1,521.2700000000001,1
15656,46,4,748.5000000000001,1
15657,23,1,30.0,1
15658,191,7,2066.0400000000004,2
15659,44,3,532.49,1
15660,26,15,2564.09,2
15661,318,8,1215.9499999999998,1
15662,662,2,283.73,0
15663,107,1,138.14000000000001,1
15664,51,4,1226.23,1
15665,169,5,3987.0700000000006,2
15666,473,2,632.94,0
15667,40,1,301.32000000000005,1
15668,218,1,76.32000000000001,0
15669,41,4,684.3399999999999,1
15670,297,2,325.20000000000005,0
15671,19,7,2657.1299999999997,2
15672,726,1,45.300000000000004,0
15673,89,9,6204.3200000000015,2
15674,74,12,6249.49,2
15675,82,4,542.04,1
15676,19,3,3365.5599999999986,1
15677,50,3,1305.6299999999999,1
15678,53,3,1825.94,1
15679,25,4,781.2799999999997,1
15680,10,10,4010.9900000000002,2
15681,26,14,2480.2,2
15682,600,2,318.24,0
15683,118,2,524.54,1
15684,548,3,173.95000000000002,0
15685,451,1,55.98000000000001,0
15686,421,1,90.0,0
15687,9,9,2993.1000000000004,2
15688,419,1,190.57,0
15689,120,3,521.03,1
15690,5,2,239.76,1
15691,253,4,511.8,1
15692,29,1,191.04000000000002,1
15693,660,1,37.5,0
15694,1,24,9922.68,2
15695,267,4,1131.0400000000002,1
15696,34,13,3811.3200000000006,2
15697,690,1,246.75,0
15698,625,1,46.2,0
15699,18,1,309.6499999999999,1
15700,173,2,684.4299999999996,1
15701,3,4,1529.0000000000002,1
15702,477,2,140.39000000000001,0
15703,265,1,211.5,0
15704,141,6,3663.86,2
15705,202,1,143.10000000000002,1
15706,64,4,1017.26,1
15707,36,4,916.9799999999999,1
15708,41,9,3856.5999999999995,2
15709,284,2,327.84999999999997,0
15710,418,1,898.8700000000005,0
15711,557,2,420.25,0
15712,10,12,3472.41,2
15713,144,4,824.79,1
15714,12,5,783.96,1
15715,556,5,658.02,0
15716,146,11,2485.26,2
15717,235,5,607.0,1
15718,541,1,293.78999999999996,0
15719,33,31,10139.920000000004,2
15720,25,2,739.2200000000001,1
15721,12,1,471.3999999999999,1
15722,36,11,5195.75,2
15723,365,4,930.7000000000002,0
15724,202,3,310.85,1
15725,16,1,415.2500000000001,1
15726,391,1,321.9100000000001,0
15727,17,15,9371.710000000001,2
15728,380,2,544.6,0
15729,213,3,154.70000000000002,1
15730,66,5,1726.5800000000002,1
15731,554,1,125.3,0
15732,213,10,1499.4199999999998,2
15733,283,1,162.3,0
15734,115,4,2263.3,1
15735,422,1,327.67999999999995,0
15736,436,2,1750.1200000000003,0
15737,15,7,1139.12,1
15738,19,41,13030.119999999999,2
15739,67,1,449.12000000000006,1
15740,50,1,154.88000000000002,1
15741,459,2,208.62000000000003,0
15742,620,1,156.86999999999998,0
15743,17,4,775.96,1
15744,78,1,34.8,1
15745,20,4,1094.5900000000001,1
15746,135,1,182.96,1
15747,13,9,2499.8100000000004,2
15748,41,3,609.81,1
15749,236,2,24850.9,2
15750,3,18,6418.791000000001,2
15751,461,10,1326.7899999999997,0
15752,40,9,3924.9100000000003,2
15753,305,1,79.2,0
15754,52,9,3007.7099999999996,2
15755,11,17,5993.120000000001,2
15756,62,4,528.0099999999999,1
15757,66,6,2940.3600000000006,2
15758,25,1,205.25,1
15759,219,7,830.9300000000001,1
15761,443,1,143.05,0
15762,66,2,583.75,1
15763,32,2,1061.4199999999998,1
15764,89,8,4503.08,2
15765,667,1,370.6299999999999,0
15766,65,3,831.06,1
15768,116,34,15308.88999999998,2
15769,8,46,84225.51999999999,2
15770,613,1,321.45000000000005,0
15771,605,3,1006.54,0
15772,419,1,280.88000000000005,0
15773,6,2,774.5200000000001,1
15774,69,6,1288.34,1
15775,246,2,150.5,0
15776,134,1,241.62000000000003,1
15777,242,7,1762.61,2
15778,432,1,307.95000000000005,0
15779,464,2,124.08,0
15780,184,3,475.28,1
15781,26,3,345.46000000000004,1
15782,10,4,4014.1000000000004,2
15783,11,1,246.3,1
15784,468,2,848.3299999999999,0
15785,33,16,5969.93,2
15786,47,5,8467.800000000003,2
15787,27,3,933.2599999999995,1
15788,509,1,221.83000000000004,0
15789,359,6,1932.01,1
15790,11,1,218.74999999999997,1
15791,44,5,3608.34,2
15792,400,2,933.8399999999999,0
15793,15,8,2382.92,2
15794,737,2,777.0,0
15795,150,8,1979.87,2
15796,2,17,5156.68,2
15797,114,6,2821.08,2
15798,493,3,1535.37,0
15799,76,4,1421.3400000000001,1
15800,108,7,1227.0699999999997,1
15801,47,3,1063.9499999999998,1
15803,52,4,1929.6599999999999,1
15804,1,13,3886.73,2
15805,24,30,10073.53,2
15806,47,3,784.5799999999999,1
15807,51,5,1817.5199999999998,1
15808,307,21,17125.799999999996,2
15809,37,7,862.8800000000001,1
15810,79,8,2965.59,2
15811,23,7,3475.65,2
15812,108,12,5201.47,2
15813,208,2,1303.9099999999999,1
15814,17,6,2634.4400000000005,2
15815,64,5,2100.6,1
15816,543,2,93.3,0
15817,421,3,2766.3999999999996,0
15818,589,1,340.5,0
15819,50,10,3917.99,2
15820,320,1,206.98000000000002,0
15821,45,2,570.96,1
15822,4,6,1840.06,2
15823,373,3,3341.8100000000013,1
15824,454,2,890.9399999999999,0
15825,173,1,532.94,1
15826,57,4,2588.0800000000004,1
15827,74,27,3362.99,2
15828,376,1,1108.8199999999997,0
15829,100,2,636.14,1
15830,38,1,556.2,1
15831,59,3,794.6400000000001,1
15832,255,1,836.7899999999998,1
15833,738,1,80.4,0
15834,71,7,3619.49,2
15835,45,4,954.0899999999999,1
15836,51,1,117.47000000000001,1
15837,65,2,777.01,1
15838,12,34,57387.100000000006,2
15839,34,3,1036.5900000000001,1
15840,59,2,355.56,1
15841,73,9,2732.45,2
15842,394,2,548.8,0
15843,304,1,118.95,0
15844,47,1,130.74,1
15845,18,11,4389.200000000001,2
15846,386,1,107.01000000000002,0
15847,39,5,822.5699999999999,1
15848,622,1,137.99,0
15850,20,6,1006.7499999999999,1
15851,527,1,109.72999999999999,0
15852,187,3,257.26,1
15853,52,1,110.80000000000001,1
15854,5,21,5578.280000000001,2
15855,137,6,1052.7199999999998,1
15856,5,52,32115.6,2
15857,19,2,570.48,1
15858,16,13,3526.9100000000008,2
15859,433,1,438.4599999999999,0
15860,41,17,2361.2999999999997,2
15861,13,11,4204.199999999999,2
15862,9,13,2512.2899999999995,2
15863,26,5,355.1,1
15864,23,7,2028.1200000000003,2
15865,41,5,2241.42,2
15866,102,1,211.88999999999996,1
15867,6,31,8877.400000000003,2
15868,584,1,94.53,0
15869,278,3,321.11,1
15870,33,4,857.4599999999998,1
15871,438,1,33.099999999999994,0
15872,15,4,729.2499999999999,1
15873,500,3,138.24,0
15874,64,21,11268.86,2
15875,647,1,108.51999999999998,0
15876,410,2,1449.14,0
15877,2,2,437.83000000000004,1
15878,562,2,330.77,0
15879,405,4,1137.7999999999997,0
15880,370,1,299.0299999999999,0
15881,313,5,378.23999999999995,1
15882,199,8,1103.66,1
15883,3,2,396.4799999999999,1
15884,433,2,244.60000000000002,0
15885,93,15,1756.8199999999997,2
15886,61,4,1052.87,1
15887,407,3,1027.15,0
15888,81,3,402.12,1
15889,157,8,1417.1499999999999,2
15890,395,5,535.65,0
15891,227,1,511.67999999999995,1
15892,670,1,128.20000000000002,0
15893,482,1,305.28000000000003,0
15894,254,2,258.25,1
15895,150,1,179.17,1
15897,195,2,208.59,1
15898,2,25,4983.700000000003,2
15899,369,1,56.25,0
15900,24,4,876.67,1
15901,17,7,687.72,1
15902,381,1,145.01000000000002,0
15903,10,12,8939.839999999998,2
15904,9,1,164.67999999999998,1
15905,544,1,114.69000000000003,0
15906,20,10,2474.3399999999997,2
15907,4,3,882.7199999999996,1
15908,491,2,758.62,0
15909,174,1,191.93999999999997,1
15910,1,15,2661.1700000000005,2
15911,624,8,1694.2900000000006,0
15912,179,9,1074.6999999999998,2
15913,535,1,6.300000000000001,0
15914,379,2,205.98999999999995,0
15915,402,1,364.4499999999999,0
15916,17,13,3127.79,2
15917,248,5,530.17,1
15918,191,3,582.8799999999999,1
15919,20,2,525.69,1
15920,155,9,569.1399999999999,1
15921,173,4,775.26,1
15922,374,1,369.50000000000006,0
15923,373,1,127.08000000000003,0
15924,732,1,102.82000000000001,0
15925,195,1,207.15,1
15926,543,1,134.44,0
15927,648,1,106.54000000000002,0
15928,657,1,293.53000000000003,0
15929,645,1,594.0,0
15930,68,1,426.63000000000017,1
15931,429,1,239.89999999999998,0
15932,5,8,2495.87,2
15933,22,3,1107.46,1
15934,418,2,2190.66,0
15935,240,2,416.8600000000001,1
15936,380,2,282.79,0
15937,65,1,145.35,1
15938,113,9,734.8100000000001,1
15939,90,16,9060.390000000001,2
15940,312,1,35.8,0
15941,638,1,405.0,0
15942,134,1,337.43999999999994,1
15943,650,2,271.28999999999996,0
15944,277,4,2164.2400000000002,1
15945,366,4,646.27,0
15946,503,3,2304.1800000000003,0
15947,83,1,1708.2400000000002,1
15948,9,3,1509.0900000000001,1
15949,17,2,364.71999999999997,1
15950,32,10,7067.259999999999,2
15951,9,3,1013.1699999999998,1
15952,34,4,781.9099999999999,1
15953,16,17,3310.39,2
15954,590,1,190.74999999999994,0
15955,25,22,8069.480000000001,2
15956,552,2,617.5999999999999,0
15957,32,3,921.2499999999998,1
15958,75,4,462.1199999999999,1
15959,683,3,542.8899999999999,0
15960,375,4,410.95,0
15961,380,1,451.28999999999996,0
15962,450,1,289.48,0
15963,20,2,470.7600000000001,1
15964,664,1,269.21,0
15965,18,13,2771.9399999999996,2
15966,451,1,411.68000000000006,0
15967,24,12,2966.0,2
15968,389,1,404.5499999999999,0
15969,3,5,1043.85,1
15970,304,2,1017.3199999999998,1
15971,18,18,5902.830000000001,2
15972,457,5,1769.33,0
15973,367,3,483.52,0
15974,40,7,3429.5499999999997,2
15975,85,1,371.01,1
15976,166,6,1694.4099999999996,1
15977,18,2,1054.7299999999996,1
15978,78,3,3279.4199999999996,1
15979,603,1,329.21999999999997,0
15980,89,7,6513.680000000001,2
15981,25,21,9304.869999999999,2
15982,606,1,324.50999999999993,0
15983,23,8,3110.37,2
15984,3,30,8373.970000000001,2
15985,124,7,2610.2799999999997,2
15986,31,2,354.42,1
15987,13,8,1535.9900000000002,2
15988,20,3,738.8899999999999,1
15989,376,2,368.30999999999995,0
15990,45,7,1997.75,2
15991,535,1,150.55,0
15992,4,3,896.6,1
15993,9,7,2761.719999999999,2
15994,55,3,1175.68,1
15995,415,1,694.5400000000003,0
15996,89,7,1370.4999999999995,2
15998,37,16,8202.49,2
15999,736,1,20.4,0
16000,3,3,12393.7,2
16001,382,1,583.39,0
16002,626,1,169.21,0
16003,30,10,5613.83,2
16004,475,5,2146.39,0
16005,13,10,2365.49,2
16006,212,2,332.8199999999999,1
16007,48,7,3053.06,2
16008,24,15,5339.130000000001,2
16009,23,4,972.1099999999999,1
16010,246,11,1692.9100000000003,2
16011,9,29,5601.009999999999,2
16012,36,5,2978.5900000000006,2
16013,4,81,53801.79,2
16014,38,5,1100.28,1
16015,4,3,694.6500000000001,1
16016,4,11,2074.8999999999996,2
16017,48,5,1545.58,1
16018,40,4,698.13,1
16019,47,27,16666.97,2
16020,17,3,851.0100000000001,1
16021,396,2,487.02999999999986,0
16022,261,1,602.6300000000001,1
16023,47,3,719.8100000000001,1
16024,13,3,483.99,1
16025,30,1,439.66,1
16026,44,1,236.09000000000006,1
16027,92,13,1882.34,2
16028,596,1,82.2,0
16029,39,105,102930.37999999999,2
16030,310,1,331.24000000000007,0
16031,93,2,547.9000000000001,1
16032,457,6,1965.72,0
16033,6,27,10540.460000000005,2
16034,197,6,911.3199999999999,1
16035,561,1,217.73,0
16036,88,4,2556.8400000000006,1
16037,270,5,1509.3400000000001,1
16038,8,3,471.78,1
16039,424,2,456.4,0
16040,66,7,2390.5,2
16041,31,3,3166.4,1
16042,23,8,2228.32,2
16043,38,8,1856.59,2
16044,436,1,340.84,0
16045,120,7,3187.0300000000007,2
16046,563,1,235.78,0
16047,683,1,107.14,0
16048,374,4,818.7899999999998,0
16049,41,6,1852.1499999999987,2
16050,174,3,300.70000000000005,1
16051,682,1,188.44,0
16052,55,1,362.06000000000006,1
16053,33,6,3611.14,2
16054,146,4,2111.88,1
16055,221,1,134.8,0
16056,46,1,650.7500000000001,1
16057,17,10,3720.3,2
16058,407,1,62.7,0
16059,66,12,3053.57,2
16060,401,3,541.9499999999999,0
16061,432,1,74.9,0
16062,10,8,2863.4499999999994,2
16063,261,1,335.32000000000005,0
16064,726,1,109.31000000000003,0
16065,366,8,1975.1299999999999,2
16066,17,5,1521.0399999999997,1
16067,563,3,3269.1099999999997,0
16068,594,1,115.73000000000002,0
16069,418,1,457.7000000000001,0
16070,23,2,852.15,1
16071,45,4,1076.8,1
16072,289,4,4180.090000000003,2
16073,298,1,122.39999999999999,0
16074,391,1,252.49999999999994,0
16075,503,2,736.93,0
16076,4,10,2173.5299999999997,2
16077,626,1,2300.4,0
16078,284,2,362.99,0
16079,17,3,1352.0000000000002,1
16080,82,4,517.45,1
16081,57,8,4278.96,2
16082,671,1,106.75000000000001,0
16083,101,4,2351.42,1
16084,300,1,436.17999999999995,0
16085,24,12,2340.18,2
16086,60,10,2687.7299999999996,2
16087,390,5,1739.92,0
16088,576,2,1437.43,0
16089,387,2,263.49,0
16090,625,1,180.56,0
16091,155,2,315.06000000000006,1
16092,115,6,1557.9400000000003,1
16093,107,1,17.0,1
16094,12,11,3682.8099999999995,2
16095,457,1,447.05000000000007,0
16096,265,4,1584.9700000000003,1
16097,241,1,185.05,0
16098,88,14,4010.7,2
16099,51,7,1573.1999999999998,2
16100,463,1,582.6400000000001,0
16101,71,4,3184.6600000000008,1
16102,43,3,1842.1400000000003,1
16103,8,22,6089.16,2
16104,62,9,2740.7100000000005,2
16105,249,5,2386.19,1
16106,66,1,108.38,1
16107,18,7,3204.16,2
16108,85,4,2184.7199999999993,1
16109,219,3,939.48,1
16110,46,4,1781.5900000000008,1
16111,429,1,549.33,0
16112,144,4,195.74,1
16113,184,1,161.38000000000002,1
16114,171,1,135.75000000000003,1
16115,10,12,2553.8,2
16116,212,1,592.8800000000001,1
16117,190,3,654.4000000000001,1
16118,653,1,4274.25,0
16119,9,8,1720.8100000000002,2
16120,60,6,2967.510000000001,2
16121,58,5,1450.04,1
16122,74,6,895.6200000000001,1
16123,52,1,307.78,1
16124,318,4,1772.4899999999998,1
16125,368,14,4292.35,2
16126,30,15,14644.599999999999,2
16127,40,2,801.3100000000001,1
16128,18,11,3801.0499999999993,2
16129,408,3,1396.0500000000002,0
16130,423,4,987.48,0
16131,52,12,9957.420000000002,2
16132,545,2,664.2000000000002,0
16133,4,56,22538.659999999996,2
16134,22,5,2135.14,1
16135,263,2,819.4499999999998,1
16136,60,4,932.8799999999999,1
16137,681,1,422.7,0
16138,379,3,910.3499999999999,0
16139,19,5,1111.15,1
16140,66,3,1416.46,1
16141,89,2,955.94,1
16142,250,1,535.3400000000001,1
16143,4,12,4544.88,2
16144,247,1,175.2,0
16145,9,19,6795.490000000002,2
16146,158,4,946.3799999999999,1
16147,134,5,2368.67,2
16148,297,2,386.62,0
16149,5,3,422.22,1
16150,43,10,3962.37,2
16152,269,1,1829.04,1
16153,50,11,5047.09,2
16155,382,5,781.9,0
16156,9,20,5955.379999999999,2
16157,16,3,656.69,1
16158,523,9,611.32,0
16159,282,4,1232.79,1
16160,66,2,1025.4400000000005,1
16161,2,43,12386.310000000001,2
16162,253,1,37.4,0
16163,366,5,1918.63,1
16164,18,3,822.4800000000001,1
16165,506,1,79.9,0
16166,429,2,408.83000000000004,0
16167,415,5,1332.1200000000001,0
16168,11,66,10343.670000000002,2
16169,9,4,1822.9699999999998,1
16170,51,20,6853.7,2
16171,60,1,73.2,1
16172,96,8,1884.5500000000002,2
16173,16,6,1418.3200000000002,1
16174,127,7,2246.75,2
16175,95,7,1836.4399999999998,2
16176,422,4,2013.0900000000001,0
16177,51,8,2195.5600000000004,2
16178,139,2,612.6000000000001,1
16179,61,1,215.83,1
16180,101,13,16249.869999999999,2
16181,74,1,305.5400000000001,1
16182,73,9,9971.65,2
16183,68,4,1077.8100000000002,1
16184,65,6,1158.79,1
16185,17,3,644.7199999999999,1
16186,23,26,8703.429999999998,2
16187,32,15,6841.240000000001,2
16188,45,5,1077.71,1
16189,16,2,215.48,1
16190,41,8,2723.55,2
16191,3,22,15269.369999999999,2
16192,736,1,351.3,0
16193,237,2,630.43,1
16194,376,1,308.59999999999997,0
16195,724,1,323.25,0
16196,489,1,93.3,0
16197,470,9,2016.7100000000005,2
16198,76,2,1030.0410000000002,1
16199,393,7,942.75,0
16200,5,12,5608.099999999999,2
16201,4,5,2086.9199999999996,1
16202,361,9,2471.9900000000002,2
16203,59,6,943.8400000000001,1
16204,24,3,918.71,1
16205,31,7,1820.11,2
16206,55,13,2589.87,2
16207,26,1,394.38,1
16208,45,10,3440.45,2
16209,89,9,4146.780000000001,2
16210,2,35,33750.97,2
16211,89,3,1090.59,1
16212,20,4,1293.71,1
16213,79,1,159.0,1
16214,171,4,2038.2500000000002,1
16215,81,1,242.35000000000002,1
16216,268,1,914.9300000000002,1
16217,236,2,266.45000000000005,1
16218,30,13,3955.5100000000007,2
16219,501,1,40.8,0
16221,37,9,2013.4199999999996,2
16222,319,2,1272.0500000000006,1
16223,375,2,1087.0499999999997,0
16224,58,5,1616.54,1
16225,45,15,2846.5599999999995,2
16226,204,5,672.1699999999998,1
16227,226,3,982.52,1
16228,386,3,885.7099999999999,0
16229,88,6,2867.8599999999997,2
16230,190,2,542.03,1
16231,380,4,1074.4700000000003,0
16232,44,7,2712.97,2
16233,72,9,1733.01,2
16234,477,3,312.78000000000003,0
16235,41,9,2036.71,2
16236,79,1,432.19999999999993,1
16237,438,1,136.65,0
16238,423,1,63.66,0
16239,57,6,1452.6,1
16240,25,2,3718.8000000000006,1
16241,10,16,3992.8599999999997,2
16242,9,14,7396.249999999997,2
16243,34,2,409.09999999999974,1
16244,212,2,1522.7499999999995,1
16245,24,3,1361.21,1
16246,460,2,821.35,0
16247,171,1,114.56,1
16248,62,1,152.94,1
16249,53,5,1800.07,1
16250,262,3,565.24,1
16251,513,1,128.31,0
16253,67,7,7272.2,2
16254,379,3,967.4400000000002,0
16255,17,15,4495.200000000001,2
16256,267,3,1629.37,1
16257,177,1,46.95,0
16258,46,15,11942.520000000002,2
16259,411,3,340.93999999999994,0
16260,51,1,1035.45,1
16261,18,6,1041.1599999999999,1
16262,379,1,735.2500000000002,0
16263,424,1,348.15999999999997,0
16264,439,2,823.5299999999999,0
16265,10,12,6907.27,2
16266,74,14,1757.9499999999998,2
16267,592,1,186.65999999999997,0
16268,72,2,667.6500000000001,1
16269,438,1,717.5700000000004,0
16270,354,1,1141.2399999999996,0
16271,3,10,3397.8199999999997,2
16272,117,1,411.7000000000001,1
16273,649,2,318.34000000000003,0
16274,374,1,351.7499999999999,0
16275,197,3,2151.11,1
16276,177,3,2629.3900000000003,1
16277,734,1,188.69,0
16278,101,3,1066.54,1
16279,22,9,5698.279999999999,2
16280,726,1,238.04999999999998,0
16281,73,3,3424.02,1
16282,340,3,1307.5800000000002,1
16283,6,8,4301.419999999998,2
16284,32,3,1018.4799999999997,1
16285,647,1,176.89999999999995,0
16286,478,2,269.55,0
16287,170,5,1006.98,1
16288,471,1,129.85000000000002,0
16289,463,1,136.31,0
16290,465,4,1957.7000000000012,0
16291,683,1,117.72,0
16292,122,5,1221.11,1
16293,22,15,4279.200000000001,2
16294,477,1,126.05,0
16295,10,4,1328.5499999999997,1
16296,627,4,1313.67,0
16297,269,1,281.5,0
16298,23,7,1085.6999999999998,1
16299,478,1,178.64999999999998,0
16300,431,3,1367.3199999999997,0
16301,737,1,107.33,0
16302,127,1,212.82,1
16303,26,7,7888.270000000001,2
16304,695,1,381.6599999999999,0
16305,139,1,361.2199999999999,1
16306,214,6,1099.82,1
16307,430,3,1194.92,0
16308,38,7,5120.0,2
16309,107,2,706.5699999999999,1
16310,415,2,460.08,0
16311,18,2,616.26,1
16312,433,1,171.14999999999998,0
16313,4,2,274.15000000000003,1
16314,390,3,1491.4000000000003,0
16315,331,2,402.71,0
16316,65,13,5668.360000000001,2
16317,120,5,2192.51,1
16318,36,1,328.15,1
16319,218,1,404.40000000000003,1
16320,173,6,5628.99,2
16321,73,6,461.6,1
16322,2,2,326.75,1
16323,197,2,353.66,1
16324,129,3,408.5899999999999,1
16325,47,12,3496.4,2
16326,6,24,4601.249999999999,2
16327,15,16,10149.89,2
16328,564,1,310.83,0
16329,428,4,1664.9199999999998,0
16330,18,7,621.63,1
16331,433,6,2037.7,0
16332,29,11,1989.5699999999997,2
16333,8,22,26626.8,2
16334,493,1,263.73000000000013,0
16335,552,7,2726.5200000000004,0
16336,421,4,3517.6900000000005,0
16337,37,1,151.05,1
16338,158,1,214.80000000000004,1
16339,285,1,94.05000000000001,0
16340,108,3,1496.2399999999998,1
16341,25,7,3850.790000000001,2
16342,76,4,322.41,1
16343,17,3,614.12,1
16344,159,4,842.4200000000001,1
16345,45,2,1178.7900000000002,1
16346,386,1,224.51000000000008,0
16347,12,11,3442.96,2
16348,33,8,1744.4199999999996,2
16349,291,1,53.5,0
16350,22,9,2253.89,2
16351,333,13,3309.63,2
16352,18,2,494.44000000000005,1
16353,4,38,9795.460000000001,2
16354,64,5,1119.46,1
16355,376,1,416.35,0
16356,198,6,415.87000000000006,1
16357,34,4,868.3699999999999,1
16358,2,5,2919.6500000000005,2
16359,8,16,2447.75,2
16360,5,6,3372.710000000001,2
16361,10,4,891.2099999999998,1
16362,33,6,884.8099999999995,1
16363,54,1,109.36000000000001,1
16364,12,2,705.79,1
16365,18,15,3167.3399999999992,2
16366,19,4,1548.1300000000003,1
16367,38,3,1350.4799999999998,1
16368,3,3,621.44,1
16369,19,7,2656.56,2
16370,83,4,1301.9099999999994,1
16371,449,1,157.20000000000005,0
16372,34,5,1260.3100000000004,1
16373,383,2,309.48999999999995,0
16374,67,5,1723.3999999999992,1
16375,471,2,104.0,0
16376,9,2,974.9600000000006,1
16377,268,2,1308.48,1
16378,248,3,362.95000000000005,1
16379,5,4,2131.8999999999996,1
16380,62,1,1743.15,1
16381,396,2,247.84999999999988,0
16382,409,2,353.1,0
16383,75,7,2837.6400000000003,2
16384,90,4,1358.9499999999998,1
16385,61,5,881.3500000000001,1
16386,29,3,1068.16,1
16387,323,5,882.46,1
16388,654,1,186.05000000000004,0
16389,54,4,1382.0700000000002,1
16390,537,3,467.5,0
16391,401,4,1052.2599999999993,0
16392,270,3,756.6999999999999,1
16393,3,23,5250.19,2
16394,57,5,1530.1400000000003,1
16395,61,14,3491.510000000002,2
16396,477,1,130.0,0
16397,629,1,123.13,0
16398,155,2,1645.9500000000003,1
16399,20,3,630.22,1
16400,95,9,3059.85,2
16401,2,22,6674.92,2
16402,265,2,293.44999999999993,0
16403,313,1,177.5,0
16404,71,1,443.0500000000001,1
16405,303,2,167.25,0
16406,19,3,528.3599999999999,1
16407,13,14,2761.6499999999996,2
16408,592,1,231.93000000000004,0
16409,37,12,5652.740000000002,2
16410,735,1,130.32,0
16411,20,4,756.3899999999999,1
16412,54,5,593.1899999999998,1
16413,57,2,522.0300000000001,1
16414,22,5,551.2099999999999,1
16415,45,3,696.76,1
16416,27,9,2937.8799999999997,2
16417,493,1,35.7,0
16418,45,5,1028.74,1
16419,113,8,1463.6999999999998,2
16420,397,1,75.0,0
16421,377,3,526.27,0
16422,18,108,61284.46999999999,2
16423,25,1,346.12,1
16424,192,2,392.06,1
16425,303,1,302.69999999999993,0
16426,3,10,1863.7600000000004,2
16427,264,2,241.06,0
16428,414,3,638.4899999999997,0
16429,107,1,284.55,1
16430,58,7,1117.94,1
16431,214,3,623.28,1
16432,65,1,287.4,1
16433,29,2,384.52,1
16434,30,12,2673.689999999999,2
16435,513,3,1003.0700000000005,0
16436,669,3,319.14,0
16437,382,2,301.25,0
16438,6,5,798.3499999999999,1
16439,723,1,310.70000000000005,0
16440,8,6,3856.9699999999993,2
16441,68,5,1019.1299999999999,1
16442,2,5,891.9799999999998,1
16443,521,1,162.24,0
16444,47,17,3567.58,2
16445,34,4,583.1599999999999,1
16446,206,1,2.9,0
16447,136,3,727.0999999999998,1
16448,199,2,361.12000000000006,1
16449,198,2,687.79,1
16450,150,3,1505.7300000000002,1
16451,88,3,1013.15,1
16452,631,2,332.17,0
16453,531,2,251.70999999999995,0
16454,45,4,30.950000000000003,1
16455,64,11,3932.8700000000003,2
16456,100,13,6000.940000000002,2
16457,219,1,208.36,1
16458,3,30,5690.89,2
16459,730,1,71.78999999999999,0
16460,29,3,811.2299999999996,1
16461,178,3,1545.83,1
16462,74,2,102.0,1
16463,22,4,1402.4,1
16464,20,3,1298.6599999999999,1
16465,421,2,746.2399999999999,0
16466,34,15,3642.0899999999997,2
16467,509,7,2869.1600000000003,0
16468,75,3,787.52,1
16469,24,5,803.8999999999999,1
16470,52,11,2416.8500000000004,2
16471,275,4,1189.9799999999998,1
16472,435,2,789.5999999999999,0
16473,165,4,470.83000000000004,1
16474,8,7,1801.1,2
16475,89,4,544.3,1
16476,432,1,350.34999999999997,0
16477,64,11,4094.37,2
16478,26,3,331.00000000000006,1
16479,11,2,300.83,1
16480,76,1,769.2899999999995,1
16481,683,1,440.88,0
16482,16,1,220.61999999999998,1
16483,193,1,139.35000000000002,1
16484,174,2,379.4000000000001,1
16485,78,5,2248.4900000000002,1
16486,538,1,134.36,0
16487,578,2,209.39999999999998,0
16488,34,3,498.8,1
16489,381,2,303.7,0
16490,437,1,190.41000000000003,0
16491,47,2,1533.16,1
16492,541,1,385.56,0
16493,80,7,2132.0899999999997,2
16494,297,1,826.5299999999999,0
16495,4,3,648.2600000000001,1
16496,9,6,2293.47,2
16497,50,23,6695.28,2
16498,162,2,100.97000000000001,1
16499,361,8,2537.99,2
16500,5,9,843.91,2
16501,384,1,1191.2300000000018,0
16502,621,2,258.54999999999995,0
16503,107,11,3614.3399999999997,2
16504,26,1,465.87999999999977,1
16505,32,1,777.6,1
16506,20,2,90.30000000000001,1
16507,573,1,142.71,0
16508,631,1,240.95,0
16509,297,1,363.7,0
16510,373,6,1777.4999999999995,1
16511,22,6,1760.49,2
16513,5,4,874.5899999999999,1
16515,53,10,3179.06,2
16516,31,1,101.7,1
16517,278,1,162.70000000000005,0
16518,62,4,941.6700000000001,1
16519,26,4,439.05999999999995,1
16520,187,6,2138.43,2
16521,416,3,1140.1100000000006,0
16522,436,2,433.35999999999996,0
16523,2,28,11874.730000000001,2
16524,447,2,306.18999999999994,0
16525,3,48,23021.470000000005,2
16526,172,2,717.2099999999998,1
16527,82,2,1232.94,1
16528,4,1,244.41,1
16529,191,4,1986.8000000000006,1
16530,669,1,48.349999999999994,0
16531,23,11,2263.58,2
16532,18,5,8756.64,2
16533,20,3,1080.3099999999997,1
16534,643,1,635.9000000000002,0
16535,6,3,972.0399999999998,1
16536,111,1,548.12,1
16537,642,1,23.35,0
16538,542,3,395.06999999999994,0
16539,3,10,3289.66,2
16540,415,1,205.75000000000003,0
16541,736,1,424.0299999999999,0
16542,54,2,257.32,1
16543,592,1,282.01,0
16544,520,3,205.10000000000002,0
16545,165,2,689.8199999999999,1
16546,291,5,4857.790000000001,2
16547,547,1,104.26,0
16548,600,1,30.150000000000002,0
16549,11,34,12774.899999999987,2
16550,109,18,8668.779999999999,2
16551,96,7,2237.12,2
16552,243,2,379.73,1
16553,164,33,16511.51,2
16554,43,8,2623.02,2
16555,36,2,285.89,1
16556,67,17,7700.58,2
16557,25,2,281.85,1
16558,1,38,13258.61,2
16559,398,1,175.0,0
16560,27,8,3010.73,2
16561,6,2,511.12,1
16562,477,1,223.86,0
16563,54,6,4402.36,2
16564,570,1,87.79999999999998,0
16565,365,4,700.45,0
16566,16,5,614.66,1
16567,195,2,865.5999999999999,1
16568,428,2,1020.9000000000001,0
16569,4,5,1455.2299999999998,1
16570,16,20,7099.709999999999,2
16571,27,10,4129.950000000001,2
16572,128,3,1009.5999999999999,1
16573,85,2,663.6099999999999,1
16574,72,3,1301.7799999999997,1
16576,421,2,540.87,0
16577,667,1,380.0,0
16578,627,1,156.6,0
16579,426,1,264.45000000000005,0
16581,183,1,70.44,0
16582,114,1,313.61999999999995,1
16583,374,2,297.95000000000005,0
16584,81,5,3147.3200000000006,2
16585,594,2,341.59000000000003,0
16586,249,3,1462.78,1
16587,233,1,225.14999999999995,0
16588,387,4,1361.2800000000002,0
16589,72,4,612.3599999999999,1
16590,401,2,572.0,0
16591,69,1,213.5,1
16592,5,28,7676.3099999999995,2
16593,51,8,1071.1399999999999,2
16594,76,1,181.08999999999997,1
16595,62,5,1757.7500000000005,1
16596,16,4,458.98,1
16597,5,1,90.04000000000002,1
16598,286,1,145.05,0
16599,386,1,172.8,0
16600,5,13,2136.61,2
16601,41,3,676.9999999999999,1
16602,37,2,748.3299999999999,1
16603,75,2,482.47,1
16604,563,2,326.25,0
16605,725,1,60.48,0
16606,405,2,357.66,0
16607,18,24,5397.83,2
16608,454,2,1286.6200000000001,0
16609,16,7,5463.759999999998,2
16610,220,1,75.66,0
16611,187,6,1785.13,1
16612,33,9,3245.4300000000003,2
16613,71,1,618.59,1
16614,183,3,1179.79,1
16615,627,1,264.5,0
16616,16,2,500.4200000000001,1
16617,236,1,151.85000000000002,0
16618,32,5,2630.6399999999994,2
16619,264,4,1938.33,1
16620,4,6,1758.93,2
16621,52,4,813.48,1
16622,544,1,225.39999999999998,0
16623,246,4,1002.49,1
16624,81,2,810.5699999999999,1
16625,275,5,1654.0300000000002,1
16626,1,17,4413.1,2
16627,80,1,322.8,1
16628,30,7,2318.1000000000004,2
16629,74,2,408.6299999999998,1
16630,408,1,106.80000000000001,0
16631,482,7,1867.02,0
16632,486,2,406.4,0
16633,18,6,2883.1000000000004,2
16634,223,5,1208.0500000000002,1
16635,407,1,472.99999999999994,0
16636,439,4,3802.04,0
16637,33,4,1124.59,1
16638,23,15,2380.13,2
16639,32,4,1660.6799999999998,1
16640,398,1,179.39999999999998,0
16641,106,2,554.5,1
16642,5,3,1077.45,1
16643,246,2,923.1099999999999,1
16644,178,2,833.7799999999996,1
16645,736,1,160.39,0
16646,450,1,678.7999999999998,0
16647,170,4,541.9,1
16648,43,3,672.8,1
16649,521,1,306.5799999999999,0
16650,72,7,1916.1100000000004,2
16651,587,1,136.2,0
16652,59,15,17431.690000000002,2
16653,17,2,1197.8100000000004,1
16654,142,8,1484.07,2
16655,18,13,6423.26,2
16656,23,29,16755.920000000002,2
16657,10,4,874.4300000000001,1
16658,369,6,606.03,0
16659,190,1,39.12,0
16660,17,6,1422.3500000000004,1
16661,541,4,796.21,0
16662,395,1,151.05,0
16663,730,1,165.0,0
16664,570,1,109.19999999999999,0
16665,363,1,135.4,0
16666,20,2,217.70999999999998,1
16667,69,2,567.1800000000001,1
16668,16,13,862.4200000000001,2
16669,24,3,1344.8799999999999,1
16670,17,20,7915.05,2
16671,29,3,1692.27,1
16672,3,20,8134.940000000001,2
16673,680,1,171.13,0
16674,55,2,304.24,1
16675,442,2,608.86,0
16676,34,6,2344.8999999999996,2
16677,412,2,880.6200000000001,0
16678,3,12,3070.9900000000002,2
16679,367,3,663.31,0
16680,44,3,821.45,1
16681,73,7,1921.8400000000001,2
16682,5,5,1028.0,1
16683,534,1,320.25,0
16684,5,53,141955.55000000002,2
16685,62,2,324.24,1
16686,48,16,4861.72,2
16687,391,1,157.63,0
16688,2,4,1260.8600000000004,1
16689,76,2,355.1,1
16690,73,4,336.08,1
16691,419,2,178.82999999999998,0
16692,257,4,1914.6999999999998,1
16693,69,5,1179.48,1
16694,724,1,98.30000000000001,0
16695,562,2,191.89999999999992,0
16696,136,4,657.9,1
16697,242,1,112.75000000000001,0
16698,227,2,1998.0,1
16699,381,7,964.9,0
16700,9,25,8767.32,2
16701,9,26,9827.570000000002,2
16702,416,4,1110.83,0
16704,619,2,664.16,0
16705,1,42,43010.951,2
16706,38,3,531.35,1
16707,401,4,533.4100000000001,0
16708,46,1,656.6300000000001,1
16709,85,14,9056.010000000002,2
16710,20,22,5908.6,2
16711,4,9,2868.48,2
16712,10,13,4232.870000000002,2
16713,19,32,13970.66,2
16714,219,4,1232.3300000000002,1
16715,79,2,625.52,1
16716,267,3,2149.6800000000003,1
16717,24,14,6117.31,2
16718,370,5,3006.0799999999995,2
16719,15,14,3497.1199999999994,2
16720,27,3,556.6899999999998,1
16721,263,1,292.46999999999997,0
16722,18,22,8189.560000000001,2
16723,92,4,1231.3600000000001,1
16724,405,1,147.35000000000002,0
16725,303,14,1676.8600000000001,2
16726,27,7,2063.88,2
16727,365,4,1377.77,0
16728,47,4,1048.2799999999997,1
16729,39,21,7194.879999999998,2
16730,53,3,702.79,1
16731,649,1,170.3,0
16732,32,4,4334.54,2
16733,530,1,259.68000000000006,0
16734,53,3,646.76,1
16735,79,14,5744.16,2
16736,506,5,2941.2599999999998,0
16737,54,2,835.1999999999999,1
16738,298,1,3.75,0
16739,177,2,786.4300000000001,1
16740,396,1,226.91,0
16741,626,1,173.06,0
16742,47,14,2799.870000000001,2
16743,30,14,4182.150000000001,2
16744,12,7,1291.9099999999999,2
16745,87,17,7180.700000000001,2
16746,5,42,18046.749999999996,2
16747,38,2,836.06,1
16748,18,14,3637.33,2
16749,592,2,4157.88,0
16750,45,5,623.9299999999998,1
16751,31,1,1764.7199999999998,1
16752,373,1,207.5,0
16753,59,1,223.92,1
16754,373,28,55220.55000000001,2
16755,115,7,2858.83,2
16756,215,7,1312.37,1
16757,319,2,270.48,0
16758,66,1,369.34,1
16759,8,3,789.79,1
16760,431,1,228.0,0
16761,97,1,316.61999999999995,1
16762,20,3,1207.2399999999998,1
16763,199,2,947.7500000000002,1
16764,4,13,2768.270000000002,2
16765,295,2,454.7499999999998,0
16766,274,2,1145.6,1
16767,31,15,7954.760000000001,2
16768,48,9,1649.3199999999997,2
16769,261,4,1117.0499999999997,1
16770,58,9,1753.7300000000002,2
16771,34,10,3949.6000000000026,2
16772,424,3,2773.6000000000004,0
16773,58,3,421.24000000000007,1
16774,68,8,1567.48,2
16775,11,16,2739.24,2
16776,61,2,592.51,1
16777,81,5,1261.4299999999998,1
16778,75,2,245.94,1
16779,3,53,32705.950000000008,2
16780,101,3,596.4,1
16781,373,2,593.0999999999999,0
16782,11,38,9558.470000000005,2
16783,437,1,391.95,0
16784,20,5,892.3299999999999,1
16785,410,1,533.7800000000001,0
16786,394,1,51.839999999999996,0
16787,398,4,1017.5299999999999,0
16788,124,5,1928.9300000000003,1
16789,9,1,80.8,1
16790,4,6,1545.62,1
16791,30,15,3915.1299999999987,2
16792,283,5,623.46,1
16793,58,1,243.83999999999997,1
16794,2,15,2040.0,2
16795,366,3,2051.91,0
16796,90,1,305.62,1
16797,394,5,1793.5200000000011,0
16798,555,3,841.1599999999999,0
16799,433,2,452.7799999999998,0
16800,12,1,1162.6499999999999,1
16801,164,3,842.33,1
16802,680,2,582.6099999999999,0
16803,66,1,332.29999999999995,1
16804,24,3,536.99,1
16805,174,5,1091.34,1
16806,104,4,762.1599999999996,1
16807,143,6,2123.8799999999997,2
16808,100,2,288.42,1
16809,24,9,1727.4300000000003,2
16810,193,2,808.14,1
16811,5,2,547.0699999999999,1
16812,361,4,2216.8,1
16813,9,10,1652.1799999999992,2
16814,15,36,11924.850000000002,2
16815,454,2,406.02,0
16816,104,4,417.06,1
16817,3,13,2438.9000000000005,2
16818,11,11,3349.5699999999997,2
16819,466,2,182.59,0
16820,96,1,497.61000000000007,1
16821,382,1,113.35000000000001,0
16822,687,1,157.58999999999997,0
16823,228,7,2243.0899999999997,2
16824,16,3,686.24,1
16825,39,5,1826.8899999999999,1
16826,52,1,341.70000000000005,1
16827,394,5,392.13,0
16828,94,2,128.5,1
16829,157,2,513.32,1
16830,39,4,1207.5,1
16831,565,1,91.8,0
16832,185,5,417.61,1
16833,2,6,2409.04,2
16834,228,2,898.96,1
16835,129,6,1393.6600000000003,1
16836,40,4,782.3700000000001,1
16837,32,11,3170.9800000000005,2
16838,198,4,1159.6100000000001,1
16839,9,44,21556.54,2
16840,604,2,139.85,0
16841,37,12,3826.71,2
16842,101,3,1264.19,1
16843,43,35,19548.030000000002,2
16844,563,2,614.34,0
16845,619,1,253.87999999999997,0
16846,51,3,842.41,1
16847,44,2,614.89,1
16848,53,4,1411.6200000000003,1
16849,187,1,124.57,1
16850,334,1,332.40999999999997,0
16851,5,3,342.45000000000005,1
16852,11,2,144.91000000000003,1
16854,418,2,1408.9600000000005,0
16855,24,2,328.4,1
16856,15,3,358.49,1
16857,443,1,352.8,0
16858,369,10,4265.590000000001,2
16859,145,7,1794.8799999999999,2
16860,453,3,1610.6199999999997,0
16861,60,5,928.89,1
16862,548,4,662.3299999999999,0
16863,32,3,834.27,1
16864,435,2,409.25,0
16865,402,1,130.95,0
16866,141,3,207.74,1
16867,690,1,76.74000000000001,0
16868,395,3,384.56,0
16869,23,4,817.1199999999999,1
16870,470,1,450.1600000000001,0
16871,23,6,2778.44,2
16872,78,6,1213.13,1
16873,5,12,14617.390000000001,2
16874,380,1,209.88999999999996,0
16875,68,11,4144.7,2
16876,404,1,136.01000000000005,0
16877,13,6,846.62,1
16880,31,8,1813.21,2
16881,67,1,432.0,1
16882,67,3,705.1199999999999,1
16883,188,19,2236.1100000000006,2
16884,38,4,1070.9699999999998,1
16885,16,4,684.5999999999999,1
16887,36,3,658.1700000000001,1
16888,401,3,434.2,0
16889,195,6,2526.65,2
16890,477,3,285.40999999999997,0
16891,2,11,1727.94,2
16892,2,7,754.7499999999999,1
16893,367,2,249.89000000000004,0
16894,503,3,1265.2600000000011,0
16895,65,5,1102.9,1
16896,556,1,103.95000000000002,0
16897,314,1,213.03000000000006,0
16898,27,5,885.2100000000002,1
16899,8,8,1695.7699999999995,2
16900,17,3,882.1600000000003,1
16901,730,1,204.26000000000002,0
16902,117,1,1706.88,1
16903,30,3,1021.3499999999999,1
16904,5,21,4675.3600000000015,2
16905,6,17,4686.07,2
16906,82,7,1410.9199999999996,2
16907,30,9,1470.8899999999999,2
16908,723,1,252.59,0
16909,73,1,364.14000000000004,1
16910,5,8,1508.9599999999996,2
16911,636,2,251.34999999999997,0
16912,29,15,4437.110000000001,2
16913,291,3,423.90999999999997,1
16914,37,1,183.75999999999996,1
16915,10,11,1543.18,2
16916,24,4,902.0199999999998,1
16917,277,2,1851.88,1
16918,50,16,3166.140000000001,2
16919,157,24,4853.460000000001,2
16920,412,1,355.45,0
16921,62,3,409.21000000000004,1
16922,573,1,611.0800000000008,0
16923,13,31,12763.830000000002,2
16924,22,3,763.8899999999999,1
16925,541,1,125.65,0
16926,372,5,1169.6100000000001,0
16927,116,3,543.0500000000001,1
16928,81,29,3862.6800000000007,2
16929,4,7,1295.3900000000003,2
16930,27,3,378.8900000000001,1
16931,6,23,5032.220000000002,2
16932,54,3,412.55000000000007,1
16933,2,9,3069.9500000000007,2
16934,55,6,2062.89,2
16935,382,3,530.86,0
16936,26,2,548.2900000000001,1
16937,500,1,196.25000000000003,0
16938,9,9,6162.110000000001,2
16939,489,3,433.85,0
16940,53,8,6374.5599999999995,2
16941,612,1,33.0,0
16942,13,9,1878.5099999999993,2
16943,212,4,1058.1100000000001,1
16944,610,1,101.36,0
16945,22,33,8533.159999999998,2
16946,384,5,1199.54,0
16947,236,4,931.8100000000002,1
16948,139,7,868.7700000000001,1
16949,4,6,1286.2700000000002,1
16950,57,10,3503.17,2
16951,137,2,1262.750000000001,1
16952,110,5,795.83,1
16953,31,1,20.8,1
16954,1,20,6081.880000000002,2
16955,185,6,1095.31,1
16956,18,1,308.74,1
16957,240,2,416.64,1
16958,436,1,778.4899999999999,0
16959,88,1,117.35000000000001,1
16960,39,8,1990.88,2
16961,117,3,777.6099999999999,1
16962,410,1,251.03999999999996,0
16963,188,1,110.55000000000001,1
16964,734,2,207.85,0
16965,227,1,201.19,0
16966,9,7,2154.9700000000003,2
16967,190,1,319.0199999999999,1
16968,5,2,439.43000000000006,1
16969,40,3,650.4099999999999,1
16970,627,1,71.4,0
16971,39,1,357.20999999999987,1
16972,383,2,748.9999999999998,0
16973,387,1,127.0,0
16974,523,2,365.5,0
16975,424,3,911.2700000000001,0
16976,268,1,251.51999999999998,0
16977,396,4,496.0,0
16978,78,3,768.8799999999999,1
16979,4,9,2787.0899999999992,2
16980,256,3,1422.8300000000004,1
16982,61,1,384.06,1
16983,13,11,3490.5300000000007,2
16984,89,9,10265.779999999999,2
16985,18,22,10548.26,2
16986,30,11,4888.750000000001,2
16987,4,11,2509.5,2
16988,6,2,382.67,1
16989,8,6,1133.25,1
16990,219,2,344.0,1
16991,422,1,1041.2099999999996,0
16992,11,13,5476.500000000001,2
16993,464,2,1688.15,0
16996,31,9,2095.7099999999996,2
16997,289,3,702.0,1
16998,150,4,394.5,1
16999,24,2,484.82,1
17000,397,2,406.3,0
17001,1,19,6640.799999999999,2
17002,86,7,2571.55,2
17003,403,4,828.2099999999999,0
17004,47,4,2324.3599999999997,1
17005,471,2,622.36,0
17006,5,8,1635.2700000000002,2
17007,51,7,1120.1000000000001,1
17008,430,1,81.36,0
17009,552,1,242.05999999999997,0
17010,19,1,195.36,1
17011,31,3,536.7,1
17012,726,1,360.60999999999996,0
17014,9,3,583.4300000000001,1
17015,29,3,1838.6100000000001,1
17016,577,1,552.4,0
17017,3,29,12539.289999999999,2
17018,41,6,2287.7,2
17019,12,11,3602.2900000000004,2
17020,543,2,935.6199999999999,0
17021,443,6,1182.22,0
17022,32,2,260.0,1
17023,418,3,800.18,0
17024,46,3,95.85,1
17025,61,5,1349.67,1
17026,186,3,175.82999999999998,1
17027,79,9,1268.9299999999996,2
17028,582,3,1593.8300000000002,0
17029,111,7,2137.3,2
17030,64,1,146.87,1
17031,12,6,2773.85,2
17032,604,6,2890.5699999999997,0
17033,87,4,1332.79,1
17034,17,5,1261.4199999999998,1
17035,246,4,578.3400000000001,1
17036,384,1,176.9,0
17037,88,1,1267.3199999999997,1
17038,31,2,743.1700000000001,1
17039,605,1,1954.99,0
17040,138,2,463.2499999999999,1
17041,27,6,1639.3999999999999,2
17042,3,5,1036.58,1
17043,33,8,2593.6499999999996,2
17044,26,12,11962.300000000001,2
17045,114,5,827.68,1
17046,158,5,1906.0699999999997,1
17047,86,6,2289.23,2
17048,118,7,1996.93,2
17049,3,19,9826.230000000001,2
17050,97,11,4648.59,2
17051,195,4,706.4899999999999,1
17052,29,1,399.09,1
17053,131,1,498.47999999999996,1
17054,29,5,1356.3299999999997,1
17055,446,1,232.85000000000002,0
17056,739,1,128.60000000000002,0
17057,597,1,294.74,0
17058,82,3,1179.89,1
17059,30,9,4846.87,2
17060,267,1,234.24,0
17061,74,11,5116.129999999999,2
17062,314,6,889.7499999999999,1
17063,22,13,3613.53,2
17064,59,3,855.45,1
17065,638,2,194.7,0
17066,727,1,228.34000000000003,0
17067,725,3,454.54,0
17068,13,47,8953.030000000002,2
17069,29,14,5499.889999999999,2
17070,115,2,437.41999999999996,1
17071,29,13,3793.7099999999996,2
17072,626,1,273.34999999999997,0
17073,18,4,1446.0899999999997,1
17074,563,1,203.05,0
17075,18,10,2221.73,2
17076,37,6,1242.7499999999998,1
17077,579,1,306.0,0
17078,37,2,378.2000000000001,1
17079,79,1,118.80000000000001,1
17080,23,7,957.5299999999999,1
17081,26,6,949.3899999999999,1
17082,34,6,4732.030000000001,2
17083,110,9,4049.79,2
17084,36,3,5001.210000000002,2
17085,124,27,7742.520000000002,2
17086,8,6,2050.0799999999995,2
17087,738,1,221.53,0
17088,29,4,1991.01,1
17089,387,1,128.45,0
17090,5,13,2988.74,2
17091,3,19,7495.749999999998,2
17092,51,11,5511.410000000002,2
17093,593,1,235.88,0
17094,323,2,402.19999999999993,0
17095,23,7,2562.3,2
17096,16,11,3682.48,2
17097,3,9,1126.8599999999997,2
17098,382,3,591.0699999999999,0
17099,534,1,582.1700000000001,0
17100,19,2,971.74,1
17101,11,7,2507.05,2
17102,262,1,25.5,0
17103,723,1,424.29999999999984,0
17104,424,1,474.03000000000003,0
17105,160,2,665.78,1
17106,390,1,481.57999999999987,0
17107,34,10,15762.720000000001,2
17108,664,1,174.95,0
17109,30,8,1291.71,2
17110,166,3,499.8999999999999,1
17111,48,2,459.58000000000004,1
17112,503,1,197.57000000000002,0
17113,575,6,2135.4900000000007,0
17114,6,8,739.7199999999998,1
17115,9,7,2748.74,2
17116,649,1,389.78000000000003,0
17117,289,1,116.19999999999997,0
17118,318,1,157.02,0
17119,4,2,606.91,1
17120,234,1,307.46,1
17121,403,1,314.74,0
17122,120,4,570.5,1
17123,162,3,977.17,1
17124,186,1,294.24,1
17125,51,1,230.49999999999997,1
17126,153,9,2003.5299999999997,2
17127,429,5,1155.0300000000002,0
17128,335,1,157.09,0
17129,521,1,31.85,0
17131,6,5,2463.1700000000005,2
17132,453,2,1220.91,0
17133,16,12,12972.089999999998,2
17134,107,3,625.3,1
17135,17,10,1722.18,2
17136,663,1,231.67999999999998,0
17137,417,6,1099.8099999999997,0
17138,276,7,4417.2699999999995,2
17139,16,25,19533.760000000006,2
17140,248,1,454.12,1
17141,419,4,727.5799999999997,0
17142,240,4,1275.25,1
17143,418,2,880.9699999999999,0
17144,2,2,984.5699999999999,1
17145,513,4,3025.6600000000017,0
17146,106,13,5814.39,2
17147,23,9,3161.7,2
17148,52,1,124.88,1
17149,452,1,143.1,0
17150,377,6,1357.9500000000003,0
17151,736,1,231.9,0
17152,195,4,2016.5,1
17153,25,1,213.77999999999997,1
17154,76,1,329.34000000000003,1
17155,18,7,892.4599999999999,1
17156,492,1,577.0200000000001,0
17157,8,19,5151.900000000001,2
17158,33,5,1967.25,1
17159,22,5,2099.59,1
17160,32,17,10209.160000000002,2
17161,445,1,856.0100000000001,0
17162,29,10,1715.46,2
17163,22,4,699.78,1
17164,33,7,2467.3500000000004,2
17165,285,6,1794.3200000000002,1
17166,39,2,206.33999999999997,1
17167,380,3,867.1100000000001,0
17168,499,1,400.2,0
17169,58,3,1156.73,1
17170,375,2,178.67999999999998,0
17171,290,2,384.59,0
17172,79,3,956.57,1
17173,6,8,3766.6000000000004,2
17174,218,1,59.9,0
17175,45,4,1443.69,1
17176,202,3,902.3199999999999,1
17177,506,1,119.50000000000003,0
17178,732,1,432.9599999999998,0
17179,179,6,1507.2600000000002,1
17180,57,11,2220.47,2
17181,58,3,309.85,1
17182,423,2,321.3,0
17183,8,6,3330.359999999999,2
17184,570,2,198.41000000000003,0
17185,592,3,229.45999999999995,0
17186,47,2,144.0,1
17187,227,2,467.71,1
17188,12,13,4575.2300000000005,2
17189,107,5,953.6300000000001,1
17190,59,6,1531.5699999999995,1
17191,29,15,4310.34,2
17192,537,1,75.28,0
17193,36,9,2310.04,2
17194,274,3,812.4999999999999,1
17195,656,1,562.9799999999998,0
17196,428,1,327.75,0
17197,30,1,1013.01,1
17198,24,3,692.2199999999999,1
17199,583,1,135.04000000000002,0
17200,388,4,356.71,0
17201,54,4,1127.4999999999998,1
17202,421,1,160.65,0
17203,36,10,5564.090000000002,2
17204,176,9,5475.290000000001,2
17205,54,3,999.3499999999999,1
17206,54,1,204.24,1
17207,653,1,292.62000000000006,0
17208,396,1,111.15,0
17209,650,3,595.6999999999999,0
17210,393,1,251.72000000000003,0
17211,27,13,3758.3500000000004,2
17212,254,3,794.4100000000001,1
17213,41,13,4853.500000000001,2
17214,61,6,974.1199999999999,1
17215,465,1,186.15,0
17216,555,1,63.6,0
17217,235,2,210.1,1
17218,5,18,3891.39,2
17219,32,2,259.13,1
17220,25,21,4457.309999999999,2
17221,8,5,976.62,1
17222,66,6,1579.51,1
17223,311,3,558.0399999999998,0
17224,502,1,100.86000000000001,0
17225,582,1,131.15,0
17226,309,3,895.4699999999999,1
17227,19,12,1878.9299999999998,2
17228,16,13,2820.0299999999997,2
17229,97,2,318.76000000000005,1
17230,265,18,9226.250000000002,2
17231,13,25,6993.480000000002,2
17232,3,2,417.77000000000004,1
17233,36,3,560.86,1
17234,183,1,149.89,1
17235,26,8,1562.98,2
17236,13,12,1929.26,2
17237,12,4,994.1300000000001,1
17238,3,32,7331.670000000002,2
17239,313,4,1189.45,1
17240,597,1,130.6,0
17241,386,12,2736.6399999999994,2
17242,109,5,2889.2799999999997,2
17243,2,69,20147.08,2
17244,54,5,1826.0399999999995,1
17245,205,2,371.63,1
17246,547,2,38.92,0
17247,16,1,280.09,1
17248,121,2,500.5400000000001,1
17249,429,1,68.02999999999999,0
17250,4,2,381.96999999999997,1
17251,363,3,795.23,0
17252,117,2,348.9099999999999,1
17253,19,1,178.26,1
17254,5,3,469.48,1
17255,41,4,781.7,1
17256,108,5,498.93,1
17257,437,2,189.78,0
17258,397,2,417.30000000000007,0
17259,149,6,1452.3899999999999,1
17260,412,1,120.95,0
17261,510,1,221.5899999999999,0
17262,53,11,2488.76,2
17263,209,1,63.440000000000005,0
17264,425,1,268.28,0
17265,139,2,550.0099999999999,1
17266,3,5,501.72,1
17267,128,2,317.19999999999993,1
17268,108,11,1733.89,2
17269,386,1,491.8099999999999,0
17270,470,2,601.45,0
17271,737,1,204.29999999999995,0
17272,43,4,2148.6299999999997,1
17273,425,1,141.12,0
17274,36,2,573.22,1
17275,384,1,114.10000000000002,0
17276,403,1,497.5399999999999,0
17277,228,2,1065.3500000000001,1
17278,242,2,271.24000000000007,1
17279,58,1,187.82999999999998,1
17280,439,1,118.85999999999999,0
17281,375,6,797.8499999999999,0
17282,131,5,2308.54,1
17283,379,1,188.46,0
17284,61,7,2553.6499999999996,2
17285,629,2,407.94,0
17286,22,3,389.18000000000006,1
17287,27,21,3820.56,2
17288,10,11,2468.4300000000007,2
17289,32,9,2041.7999999999995,2
17290,4,8,1487.9599999999998,2
17291,309,1,550.8000000000001,0
17292,473,2,271.75,0
17293,9,17,3750.63,2
17294,670,2,467.7900000000001,0
17295,29,3,546.9999999999999,1
17296,731,1,338.13,0
17297,18,1,128.18000000000004,1
17298,102,5,954.26,1
17299,12,6,993.23,1
17300,391,2,393.64,0
17301,22,2,294.39000000000004,1
17302,15,5,1135.63,1
17303,362,1,250.03999999999994,0
17304,535,1,111.50000000000001,0
17305,649,1,2135.46,0
17306,11,21,9782.349999999999,2
17307,396,10,3541.9700000000003,2
17308,394,2,4511.76,0
17309,96,3,320.39,1
17310,388,2,1025.1,0
17311,79,6,3500.56,2
17312,139,3,644.3,1
17313,32,1,2328.8399999999997,1
17314,25,17,4529.11,2
17315,2,43,9568.63,2
17316,421,1,124.45000000000006,0
17317,47,3,2600.34,1
17318,726,1,157.32999999999998,0
17319,670,1,29.1,0
17320,101,6,2444.8500000000004,2
17321,9,6,1665.2099999999996,2
17322,377,5,910.7900000000002,0
17323,16,12,1546.0900000000001,2
17324,18,12,2018.07,2
17325,281,3,609.5699999999999,1
17326,409,2,312.3499999999999,0
17327,410,2,152.35,0
17328,674,1,104.7,0
17329,15,5,998.53,1
17330,23,4,423.79999999999995,1
17331,124,1,175.2,1
17332,529,5,838.2699999999998,0
17333,86,1,494.24999999999994,1
17334,303,3,635.1500000000001,1
17335,384,2,497.03999999999996,0
17336,473,1,81.12,0
17337,152,4,1972.1100000000013,1
17338,18,17,11889.33,2
17339,95,2,243.36,1
17340,30,18,19529.800000000003,2
17341,157,5,1272.2099999999998,1
17342,380,4,1210.14,0
17343,356,6,1259.9399999999998,1
17344,47,2,457.3599999999999,1
17345,16,10,1586.6299999999999,2
17346,4,26,4978.329999999999,2
17347,87,1,228.96,1
17348,15,9,2442.2899999999995,2
17349,180,5,772.4099999999999,1
17350,9,7,1863.8210000000001,2
17351,37,12,1988.2299999999998,2
17352,697,1,36.25,0
17353,130,4,3242.0,1
17354,51,4,3133.960000000002,1
17355,387,1,273.31,0
17356,312,5,946.4699999999998,1
17357,25,2,384.3899999999999,1
17358,304,5,861.0099999999998,1
17359,12,2,284.46,1
17360,18,6,1170.56,1
17361,50,5,871.79,1
17362,240,7,1010.54,1
17363,396,3,920.4599999999998,0
17364,1,28,11955.969999999996,2
17365,13,15,8184.490000000001,2
17366,433,2,1075.59,0
17367,239,1,167.55,0
17368,24,14,2145.39,2
17369,456,1,979.1999999999999,0
17370,73,4,446.17999999999995,1
17371,18,6,655.3699999999999,1
17372,41,27,4308.98,2
17373,41,7,1167.5,1
17374,219,3,711.21,1
17375,200,4,632.95,1
17376,71,4,453.64,1
17377,24,78,17584.469999999998,2
17378,375,1,10.95,0
17379,12,1,389.72,1
17380,435,3,645.0,0
17381,9,38,36398.65,2
17382,66,8,902.2800000000001,1
17383,5,2,304.09000000000003,1
17384,20,3,507.54999999999995,1
17385,15,1,256.11000000000007,1
17386,8,7,2812.7700000000004,2
17387,20,2,746.8099999999998,1
17388,78,11,2675.3700000000003,2
17389,1,61,56804.380000000005,2
17390,421,1,149.3,0
17391,164,2,508.8,1
17392,307,3,585.9200000000001,1
17393,411,2,381.15000000000003,0
17394,220,1,203.86999999999995,1
17395,509,1,97.5,0
17396,40,14,8132.1,2
17397,23,3,1198.2799999999997,1
17398,115,3,653.3800000000001,1
17400,127,8,4623.28,2
17401,542,1,114.84999999999998,0
17402,5,23,4590.710000000001,2
17403,37,2,382.87000000000006,1
17404,5,23,46043.119999999995,2
17405,2,3,1031.41,1
17406,334,13,3891.95,2
17407,412,1,552.8999999999999,0
17408,164,3,164.89000000000001,1
17409,185,10,7793.51,2
17410,17,5,1214.72,1
17411,13,5,1359.98,1
17412,3,16,4210.02,2
17413,405,2,560.14,0
17414,44,6,2249.52,2
17415,80,1,507.8399999999999,1
17416,30,22,17243.37,2
17417,549,1,164.18,0
17418,43,3,670.06,1
17419,12,18,6111.400000000001,2
17420,51,6,953.5799999999999,1
17421,387,3,1059.41,0
17422,17,11,3527.7,2
17423,47,3,1118.95,1
17425,20,2,759.1699999999995,1
17426,9,13,8062.7699999999995,2
17427,72,1,100.8,1
17428,1,45,31064.41,2
17429,129,5,1357.4600000000003,1
17430,33,4,622.5699999999999,1
17431,314,1,403.30000000000007,0
17432,19,9,1728.9900000000002,2
17433,89,2,569.96,1
17434,3,7,2348.870000000001,2
17435,412,1,331.3500000000001,0
17436,2,5,534.06,1
17437,530,1,369.6799999999999,0
17438,254,5,1422.77,1
17439,656,1,325.74,0
17440,157,4,323.58,1
17441,733,1,293.35,0
17442,37,15,4583.5,2
17443,220,1,534.24,1
17444,148,3,2940.0400000000013,1
17446,177,2,120.9,1
17447,41,2,541.53,1
17448,498,46,14523.669999999998,2
17449,3,13,4852.1500000000015,2
17450,9,49,233675.90999999997,2
17451,2,7,1674.3000000000006,2
17453,18,2,486.71999999999997,1
17454,193,10,1532.64,2
17455,204,1,131.7,1
17456,366,2,975.56,0
17457,127,14,5984.81,2
17458,16,2,529.5799999999999,1
17459,44,2,657.3,1
17460,95,16,1981.12,2
17461,23,3,735.8199999999996,1
17462,61,2,675.69,1
17463,17,7,2520.16,2
17464,159,3,816.5400000000001,1
17465,426,7,2535.2900000000004,2
17466,11,2,763.28,1
17467,396,1,102.6,0
17468,11,3,194.8,1
17469,17,17,4984.39,2
17470,45,11,2626.4699999999993,2
17471,475,1,321.65,0
17472,192,4,922.3499999999999,1
17473,409,2,592.1500000000001,0
17474,600,1,1047.0,0
17475,80,1,194.36999999999995,1
17476,396,2,455.01000000000005,0
17477,613,2,1126.6,0
17478,409,2,1272.8,0
17479,633,1,389.25999999999993,0
17480,78,2,882.23,1
17481,4,4,1255.5900000000001,1
17482,488,2,775.6400000000001,0
17483,66,4,591.73,1
17484,577,2,209.57,0
17486,262,1,396.87000000000006,0
17487,729,1,160.54999999999998,0
17488,642,1,336.50000000000006,0
17489,59,2,376.64000000000004,1
17490,1,9,2730.22,2
17491,2,17,5653.67,2
17492,249,3,1122.42,1
17493,386,1,100.91,0
17494,502,1,54.699999999999996,0
17495,8,3,790.8200000000002,1
17496,359,4,1412.89,0
17497,391,2,287.25,0
17498,76,1,272.21999999999997,1
17499,290,2,1296.8400000000001,1
17500,18,3,1138.0,1
17501,221,2,288.59999999999997,1
17502,10,4,689.0999999999999,1
17503,3,2,558.96,1
17504,207,18,9238.42,2
17505,162,5,2435.4799999999996,2
17506,76,1,302.2,1
17507,262,2,605.5799999999999,1
17508,281,8,4579.23,2
17509,58,8,6083.64,2
17510,25,2,514.5600000000001,1
17511,3,60,169710.87000000002,2
17512,29,17,5437.22,2
17513,73,3,1158.8000000000002,1
17514,129,2,522.0,1
17515,32,9,1602.5099999999998,2
17516,16,6,947.5000000000001,1
17517,309,1,153.94,0
17518,426,2,329.41999999999996,0
17519,18,15,4774.170000000001,2
17520,54,1,546.8100000000001,1
17521,30,5,1278.0600000000002,1
17522,2,5,1070.71,1
17523,12,4,652.7400000000001,1
17524,362,3,508.90000000000003,0
17525,360,3,1161.9,0
17526,5,12,3645.54,2
17527,54,4,898.81,1
17528,2,8,3628.499999999999,2
17529,611,2,1240.25,0
17530,2,12,2791.6899999999996,2
17531,191,3,1241.32,1
17532,386,1,65.34,0
17533,435,1,34.8,0
17534,54,5,1668.8300000000004,1
17535,281,1,164.39999999999998,0
17536,178,3,364.8299999999999,1
17537,30,2,887.6700000000003,1
17538,26,1,98.42000000000002,1
17539,629,3,1161.84,0
17540,25,6,1590.6,1
17541,510,1,119.86000000000004,0
17542,270,3,340.8499999999999,1
17543,550,1,120.04999999999998,0
17544,391,3,944.8199999999999,0
17545,44,6,1409.8600000000001,1
17547,376,2,713.0,0
17548,379,3,404.40000000000003,0
17549,24,2,148.86,1
17550,198,9,2165.5399999999995,2
17551,360,1,290.34,0
17552,61,12,2786.77,2
17553,130,4,3757.6,2
17554,2,5,1952.4499999999998,1
17555,20,5,1045.7399999999998,1
17556,206,2,300.67,1
17557,15,4,575.46,1
17558,394,1,259.17,0
17559,513,1,167.62,0
17560,95,8,1895.8,2
17561,20,4,703.0200000000001,1
17562,15,7,1107.38,1
17563,579,2,318.73,0
17564,25,3,454.01,1
17565,587,1,131.83,0
17566,9,2,869.7700000000004,1
17567,8,9,4838.080000000001,2
17568,634,1,374.44999999999976,0
17569,333,1,344.13999999999993,0
17571,51,5,1630.9099999999999,1
17572,72,10,652.2099999999999,1
17573,30,3,362.9,1
17574,243,1,185.64999999999998,0
17575,668,1,171.7,0
17576,9,41,8547.05,2
17577,646,2,348.74999999999994,0
17578,219,7,1013.7600000000002,1
17579,5,4,753.28,1
17580,253,5,541.02,1
17581,1,43,17680.97,2
17582,237,5,1446.9499999999998,1
17583,561,1,135.95,0
17584,8,6,5294.42,2
17585,110,7,2064.7100000000005,2
17586,620,1,167.4,0
17587,629,1,176.71,0
17588,101,7,2939.5499999999997,2
17589,61,18,13745.589999999991,2
17590,3,3,1468.0200000000002,1
17591,74,8,2328.37,2
17592,739,1,148.3,0
17593,4,11,8077.319999999998,2
17594,86,4,2497.88,1
17595,13,2,386.69000000000005,1
17596,24,13,4491.46,2
17597,214,5,3459.1400000000003,2
17598,382,1,409.98,0
17599,478,1,52.05,0
17600,18,1,161.67000000000002,1
17601,240,2,413.0799999999998,1
17602,3,14,7260.33,2
17603,79,4,1788.3800000000003,1
17604,218,6,942.3799999999999,1
17605,591,1,160.75,0
17606,738,1,87.30000000000001,0
17607,377,1,333.81000000000006,0
17608,34,4,488.0600000000002,1
17609,41,11,1754.3499999999995,2
17610,541,5,1491.6900000000005,0
17611,8,28,8282.43,2
17612,54,18,5295.31,2
17613,23,14,4515.299999999999,2
17614,58,1,386.3199999999999,1
17615,131,6,721.8,1
17616,174,4,734.4000000000001,1
17617,559,1,385.18999999999994,0
17618,6,11,3985.1900000000005,2
17619,313,1,214.37000000000003,0
17620,60,1,81.44,1
17621,22,6,3073.12,2
17622,598,2,1125.1699999999998,0
17623,33,7,2365.7699999999995,2
17624,15,4,1568.6299999999999,1
17625,19,8,5978.899999999999,2
17626,603,1,254.0,0
17627,479,1,296.36000000000007,0
17628,82,1,75.75000000000001,1
17629,6,10,2425.5200000000004,2
17630,170,2,503.59999999999985,1
17631,2,7,998.4900000000001,1
17633,32,7,1974.8899999999999,2
17634,37,9,2358.590000000001,2
17635,425,3,1265.5800000000002,0
17636,20,1,285.56,1
17637,32,2,547.0599999999998,1
17638,648,2,842.4,0
17639,277,6,615.1699999999998,1
17640,87,6,3168.94,2
17642,120,5,1824.4900000000002,1
17643,374,2,439.7,0
17644,2,20,5953.14,2
17646,220,12,3898.79,2
17647,66,3,331.65999999999997,1
17648,61,5,2216.3700000000003,1
17649,139,3,1549.19,1
17650,22,1,166.07999999999998,1
17651,12,16,5673.069999999999,2
17652,26,12,4805.08,2
17653,37,4,1207.5600000000002,1
17654,278,1,117.54999999999998,0
17655,11,9,2909.1800000000003,2
17656,74,5,1674.69,1
17657,431,1,126.0,0
17658,26,2,546.5799999999999,1
17659,18,14,3546.44,2
17660,142,2,342.22,1
17662,662,2,412.9200000000001,0
17663,26,17,5155.93,2
17664,19,4,1166.23,1
17665,494,1,563.1,0
17666,4,5,2047.7999999999997,1
17667,67,9,3916.7,2
17668,2,2,347.75,1
17669,43,10,6142.35,2
17670,228,1,205.7,0
17671,16,5,1737.48,1
17672,51,7,5748.03,2
17673,2,13,4173.880000000001,2
17674,75,2,551.0400000000001,1
17675,2,70,37443.5,2
17676,5,10,2421.6800000000003,2
17677,2,54,34854.06,2
17678,264,2,599.76,1
17679,53,7,3188.210000000001,2
17680,24,3,497.44999999999993,1
17681,598,5,731.2,0
17682,11,11,4065.28,2
17683,386,3,819.01,0
17684,44,1,239.41,1
17685,17,12,5445.049999999999,2
17686,8,9,8296.810000000001,2
17687,421,1,432.67999999999995,0
17688,394,1,286.50000000000006,0
17689,389,2,317.08000000000004,0
17690,31,20,6963.800000000001,2
17691,359,4,627.3499999999999,0
17692,128,12,2975.7999999999997,2
17693,138,1,200.47,1
17694,142,3,1695.97,1
17695,132,5,1746.04,1
17696,39,27,7530.81,2
17697,237,1,338.95000000000005,1
17698,261,1,154.95000000000002,0
17699,477,2,442.0,0
17700,17,14,6664.07,2
17701,253,1,417.95000000000005,1
17702,31,6,3075.69,2
17703,36,4,1094.84,1
17704,169,2,885.1899999999998,1
17705,4,11,2068.8999999999996,2
17706,5,31,19787.16999999999,2
17707,186,8,609.3000000000001,1
17708,188,4,884.1800000000001,1
17709,170,5,671.0100000000001,1
17710,424,1,293.49999999999994,0
17711,11,2,385.1,1
17712,45,1,522.91,1
17713,383,4,1198.09,0
17714,321,5,1390.38,1
17715,201,2,489.59999999999997,1
17716,23,24,15720.070000000002,2
17717,422,1,376.9199999999999,0
17718,233,2,386.98,1
17719,38,15,5381.040000000002,2
17720,27,10,2613.06,2
17721,660,1,307.21000000000004,0
17722,97,5,3480.0199999999995,2
17723,128,7,3378.4,2
17724,72,3,1009.2000000000003,1
17725,17,11,3412.230000000001,2
17726,396,7,1092.0600000000002,0
17727,16,1,1042.55,1
17728,4,5,4238.76,2
17729,597,1,438.6500000000001,0
17730,4,20,7773.800000000001,2
17731,80,6,1398.08,1
17732,373,8,2166.4200000000005,2
17733,39,2,692.19,1
17734,54,6,1442.3200000000002,1
17735,3,26,16740.330000000005,2
17736,10,2,337.4899999999999,1
17737,10,2,168.24,1
17738,20,13,4161.059999999999,2
17739,12,18,7730.590000000001,2
17740,390,6,426.90000000000003,0
17741,407,2,101.10000000000001,0
17742,114,11,2098.48,2
17743,449,1,229.2,0
17744,4,7,2649.1399999999994,2
17745,478,2,600.34,0
17746,241,4,888.5799999999999,1
17747,113,1,71.4,1
17748,528,1,358.15000000000003,0
17749,179,3,1026.18,1
17750,6,9,1710.4500000000003,2
17751,422,1,157.85999999999999,0
17752,360,1,80.64,0
17753,465,4,382.05999999999995,0
17754,1,13,4420.019999999999,2
17756,376,3,728.7499999999998,0
17757,2,56,9048.940000000002,2
17758,20,12,4964.03,2
17759,18,5,1261.8799999999999,1
17760,22,6,746.3900000000001,1
17761,33,1,712.78,1
17762,457,1,129.75,0
17763,264,3,51.14999999999999,0
17764,51,5,1513.57,1
17765,159,4,524.0,1
17766,382,2,299.60999999999996,0
17767,16,2,413.05000000000007,1
17768,9,7,3292.7300000000005,2
17769,13,17,6975.4800000000005,2
17770,199,5,1143.2699999999998,1
17771,57,4,387.41,1
17772,11,3,360.74999999999983,1
17773,515,2,575.37,0
17774,97,9,3270.34,2
17775,255,1,56.4,0
17776,387,2,323.81000000000006,0
17777,25,3,647.5600000000001,1
17778,662,1,197.7,0
17779,22,3,637.8199999999998,1
17780,668,3,346.56,0
17781,160,2,188.01999999999998,1
17782,383,2,679.02,0
17783,73,3,376.96000000000004,1
17784,551,1,112.85999999999997,0
17785,54,3,403.38000000000005,1
17786,86,2,266.85,1
17787,153,4,1817.54,1
17788,74,2,1117.9,1
17789,282,2,397.15,0
17790,27,20,2779.409999999999,2
17791,30,1,106.1,1
17792,468,2,368.3499999999998,0
17793,26,1,300.3399999999999,1
17794,687,2,147.3,0
17795,180,2,342.83000000000004,1
17796,41,7,1236.3900000000003,1
17797,23,8,1971.8700000000001,2
17798,582,1,178.06999999999996,0
17799,23,20,6136.63,2
17800,38,9,1187.21,2
17801,452,3,770.03,0
17802,83,10,4917.82,2
17803,393,1,184.65999999999997,0
17804,377,3,383.78,0
17805,74,2,927.03,1
17806,12,1,546.0399999999998,1
17807,396,3,437.87,0
17808,549,4,262.64000000000004,0
17809,17,20,10019.89,2
17810,669,2,343.2099999999999,0
17811,5,47,9425.800000000001,2
17812,13,7,911.9899999999997,1
17813,15,5,1657.3700000000008,1
17814,376,2,1609.3700000000003,0
17815,394,1,591.96,0
17816,37,6,96.11000000000001,1
17817,5,6,781.4499999999998,1
17818,738,1,124.78,0
17819,72,12,5970.05,2
17820,375,1,180.60999999999999,0
17821,407,1,334.62,0
17822,421,5,2162.9300000000007,0
17823,422,2,449.2500000000001,0
17824,52,1,298.4,1
17825,599,4,701.96,0
17826,375,1,133.34000000000003,0
17827,6,6,2369.420000000001,2
17828,23,4,1780.2900000000002,1
17829,299,5,4680.420000000003,2
17830,2,3,398.7,1
17831,34,1,35.400000000000006,1
17832,50,1,155.3700000000001,1
17833,724,1,338.46000000000004,0
17834,415,2,689.6700000000001,0
17835,3,3,342.24,1
17836,48,1,110.21,1
17837,43,8,1531.2799999999997,2
17838,27,13,5126.09,2
17839,43,1,318.15000000000003,1
17840,444,1,175.90000000000003,0
17841,2,211,67614.23999999992,2
17842,603,1,430.69000000000005,0
17843,304,2,320.40000000000003,0
17844,107,1,51.56,1
17845,556,4,596.0899999999999,0
17846,86,1,2033.1,1
17847,516,2,129.69,0
17848,82,30,3559.1099999999997,2
17849,219,8,1063.76,1
17850,373,155,51088.21000000005,2
17851,423,6,1552.3500000000004,0
17852,12,5,657.8100000000001,1
17853,408,3,1596.29,0
17854,186,6,1068.5000000000002,1
17855,373,1,208.96999999999997,0
17856,2,4,1418.0300000000002,1
17857,5,24,27274.54,2
17858,6,30,12518.650000000003,2
17859,305,1,141.92000000000002,0
17860,369,4,717.3899999999999,0
17861,4,18,5075.54,2
17862,324,4,1254.8900000000003,1
17863,60,12,5360.48,2
17864,13,5,876.5699999999999,1
17865,31,45,26049.589999999997,2
17866,143,3,1134.9499999999998,1
17867,31,15,921.2,2
17868,387,1,227.14999999999998,0
17869,108,7,813.6399999999999,1
17870,3,13,2748.3399999999992,2
17871,205,5,1068.9499999999998,1
17872,382,1,235.87,0
17873,81,16,5973.010000000001,2
17874,186,6,658.2600000000002,1
17875,689,1,167.1,0
17876,400,3,3424.02,0
17877,171,1,237.61,1
17878,44,3,1378.93,1
17879,174,1,178.51999999999998,1
17880,365,3,824.9199999999998,0
17881,305,1,133.35000000000002,0
17882,380,2,291.5599999999999,0
17883,4,7,988.4199999999998,1
17884,4,20,2692.6199999999994,2
17885,13,1,156.34,1
17886,32,6,1572.5500000000002,1
17887,130,1,111.35,1
17888,39,20,1312.3099999999997,2
17889,213,7,746.4200000000001,1
17890,323,2,586.8900000000004,0
17891,163,1,203.85999999999993,1
17892,57,3,244.10000000000002,1
17893,226,1,107.21000000000004,0
17894,72,18,2263.86,2
17895,45,1,95.44999999999999,1
17896,24,1,256.32,1
17897,173,9,2099.8899999999994,2
17898,86,4,299.18,1
17899,160,1,154.54999999999998,1
17900,191,1,15.0,0
17901,30,3,260.08,1
17902,547,1,216.4,0
17903,395,1,381.09000000000003,0
17904,22,1,181.06999999999996,1
17905,72,13,2169.57,2
17906,248,1,72.9,0
17907,641,1,291.76,0
17908,374,5,1126.5199999999998,0
17909,738,1,110.05000000000001,0
17910,727,1,261.7,0
17911,10,1,366.23,1
17912,311,6,364.6000000000001,1
17913,59,14,3429.29,2
17914,4,1,329.3599999999999,1
17915,552,1,225.77999999999997,0
17916,629,2,43.870000000000005,0
17917,46,3,335.03,1
17918,501,3,396.3900000000001,0
17919,89,2,1840.3199999999997,1
17920,5,54,23581.78000000001,2
17921,65,10,2354.21,2
17922,544,1,170.4,0
17923,283,3,497.0,1
17924,12,8,3257.7,2
17925,373,1,244.08,0
17926,134,5,1035.49,1
17927,722,1,294.0,0
17928,46,3,341.24,1
17929,12,12,3082.1,2
17930,36,13,4275.22,2
17931,135,14,3394.7400000000002,2
17932,30,3,1331.5699999999997,1
17933,633,1,114.69,0
17934,52,3,1049.15,1
17935,139,7,655.54,1
17936,6,1,380.12999999999994,1
17937,9,7,4301.22,2
17938,421,1,144.29000000000005,0
17939,160,1,99.14000000000003,1
17940,50,15,28438.93,2
17941,131,4,1433.28,1
17942,8,1,77.50000000000001,1
17944,424,1,74.99000000000001,0
17945,697,3,360.34999999999997,0
17946,234,2,149.57999999999998,1
17947,38,1,176.68,1
17948,148,1,358.56000000000006,1
17949,2,106,101527.86,2
17950,73,7,1156.2099999999998,1
17951,40,4,1340.5800000000002,1
17952,379,4,788.4599999999998,0
17953,541,1,159.17000000000002,0
17954,6,19,3767.280000000001,2
17955,199,6,949.9,1
17956,250,1,12.75,0
17957,67,1,111.67999999999998,1
17958,117,2,973.8799999999999,1
17959,593,1,140.75,0
17960,172,3,135.08,1
17961,22,100,2862.9900000000002,2
17962,143,4,654.2099999999999,1
17963,472,4,643.16,0
17964,32,2,463.21000000000004,1
17965,38,29,6905.650000000001,2
17966,38,10,1963.9199999999998,2
17967,372,2,223.42,0
17968,374,4,590.4399999999998,0
17969,167,20,2279.6900000000005,2
17970,212,1,562.79,1
17971,549,1,161.94000000000005,0
17972,242,1,135.19,0
17973,52,1,337.04,1
17974,25,6,1739.0899999999997,2
17975,16,24,6617.130000000002,2
17976,373,1,321.7899999999999,0
17977,30,2,1453.5500000000002,1
17978,366,4,1159.9899999999998,0
17979,36,4,712.51,1
17980,166,4,1012.72,1
17981,411,1,239.11999999999995,0
17982,681,1,138.18,0
17983,396,1,171.71,0
17984,146,5,1152.1900000000003,1
17985,23,1,631.3499999999999,1
17986,57,1,20.8,1
17987,186,5,901.7199999999998,1
17988,12,14,479.59000000000003,2
17989,380,1,207.33,0
17990,237,6,1527.6100000000001,1
17991,226,3,300.3,1
17992,390,1,252.88000000000002,0
17993,618,1,225.98999999999998,0
17994,122,11,2221.230000000001,2
17995,282,3,495.48,1
17996,380,3,482.3299999999999,0
17997,75,8,1892.8600000000001,2
17998,381,3,639.24,0
17999,38,3,528.4599999999999,1
18000,565,1,124.25,0
18001,13,6,924.1400000000001,1
18002,376,4,244.37,0
18003,377,1,353.51,0
18004,363,1,157.91999999999996,0
18005,4,2,226.47000000000003,1
18006,24,4,969.51,1
18007,393,1,215.22000000000003,0
18008,71,23,19759.08,2
18009,236,8,2128.5300000000007,2
18010,257,1,174.79999999999998,0
18011,374,2,410.78999999999996,0
18012,724,1,115.3,0
18013,156,2,187.29000000000005,1
18014,29,1,162.22000000000003,1
18015,5,1,120.03,1
18016,33,7,1954.56,2
18017,82,4,688.0,1
18018,109,3,156.69,1
18019,52,1,38.45,1
18020,544,1,159.88000000000002,0
18021,510,2,216.41000000000003,0
18022,36,5,1507.2500000000005,1
18024,153,2,236.77999999999997,1
18025,380,6,1177.7200000000005,0
18026,501,2,2074.0699999999997,0
18027,99,1,115.30999999999999,1
18028,584,1,192.05,0
18029,643,1,433.77,0
18030,5,2,230.64999999999998,1
18031,379,1,451.2999999999999,0
18032,335,1,73.5,0
18033,66,1,93.82000000000004,1
18034,22,3,754.2,1
18035,36,5,1260.23,1
18036,33,11,1545.49,2
18037,155,15,167.42000000000002,1
18038,557,1,141.48000000000002,0
18039,375,4,548.22,0
18040,20,2,357.20000000000005,1
18041,12,38,7996.520000000002,2
18042,54,2,281.15,1
18043,25,3,529.29,1
18044,5,18,3505.6099999999997,2
18045,46,1,178.33999999999995,1
18046,650,1,189.63000000000002,0
18047,382,2,326.08999999999986,0
18048,204,3,394.93,1
18049,438,2,500.91999999999996,0
18050,360,2,412.05999999999995,0
18051,635,7,2282.28,0
18052,565,1,10877.18,0
18053,71,3,556.22,1
18054,393,1,176.5,0
18055,8,14,10124.79,2
18056,289,2,539.75,0
18057,394,3,1188.4600000000003,0
18058,10,3,774.06,1
18059,24,3,306.46000000000004,1
18060,409,2,1185.46,0
18061,22,28,6083.8099999999995,2
18062,174,6,1553.0700000000002,1
18063,391,2,186.60000000000002,0
18064,134,11,4481.83,2
18065,6,29,5866.630000000001,2
18066,76,3,1440.4,1
18067,41,1,396.3300000000001,1
18068,290,1,101.69999999999999,0
18069,27,11,4450.07,2
18070,670,1,314.1,0
18071,258,6,1169.6799999999998,1
18072,186,1,20.04,0
18073,115,12,3859.8200000000006,2
18074,374,2,1019.4399999999999,0
18075,24,20,5709.740000000002,2
18076,381,1,151.49,0
18077,9,18,4078.7900000000004,2
18078,218,4,725.53,1
18079,46,5,4203.93,2
18080,19,2,1231.5,1
18081,37,3,343.45000000000005,1
18082,26,1,680.8399999999997,1
18083,398,1,463.5299999999999,0
18084,17,2,178.98,1
18085,331,4,1341.85,1
18086,275,1,101.33999999999999,0
18087,99,16,14475.919999999998,2
18088,62,1,166.02999999999997,1
18089,447,1,428.45,0
18090,422,1,321.90000000000003,0
18091,594,1,360.85,0
18092,3,18,14693.720000000003,2
18093,94,8,4452.710000000001,2
18094,82,13,6391.52,2
18095,313,5,2303.0899999999997,1
18096,12,6,1657.87,2
18097,8,11,4627.92,2
18098,397,1,527.9399999999998,0
18099,128,1,168.31000000000003,1
18100,551,1,451.56,0
18101,12,5,622.0099999999999,1
18102,1,145,579128.6399999999,2
18103,550,1,105.8,0
18104,38,1,754.6400000000002,1
18105,38,1,113.48000000000002,1
18106,330,6,1441.0599999999997,1
18107,443,1,165.87999999999997,0
18108,255,3,848.8100000000002,1
18109,2,38,9431.410000000002,2
18110,20,2,364.97999999999996,1
18111,590,1,405.8499999999999,0
18112,13,4,773.3599999999999,1
18113,369,1,76.32000000000001,0
18114,291,1,220.1,0
18115,698,1,9.7,0
18116,68,13,2134.4900000000007,2
18117,26,1,315.65,1
18118,11,29,6167.820000000004,2
18119,368,1,180.7,0
18120,215,1,111.14999999999999,0
18121,150,2,653.3000000000001,1
18122,9,6,1793.060000000001,2
18123,25,3,666.64,1
18124,473,1,102.65,0
18125,30,4,1131.7499999999995,1
18126,61,1,200.92000000000007,1
18127,20,4,556.1299999999999,1
18128,538,1,399.28999999999996,0
18129,244,1,112.55,0
18130,16,3,1059.3900000000003,1
18131,632,1,222.95999999999998,0
18132,505,1,220.12999999999997,0
18133,213,1,931.4999999999999,1
18134,599,2,445.0,0
18135,30,10,1249.62,2
18136,64,5,1541.66,1
18137,552,2,145.99000000000004,0
18138,296,1,152.65,0
18139,18,6,8438.339999999997,2
18140,474,1,536.4099999999999,0
18141,402,2,847.0699999999999,0
18142,158,2,1019.52,1
18143,117,2,1000.1599999999997,1
18144,8,19,4892.950000000001,2
18145,13,11,5592.040000000001,2
18146,141,2,160.35000000000002,1
18147,46,2,179.34,1
18148,647,1,112.85,0
18149,51,7,1553.96,2
18150,33,3,566.5799999999999,1
18151,135,6,1853.9399999999998,2
18152,647,1,426.69,0
18153,660,1,246.22,0
18154,4,5,932.6,1
18155,76,3,371.62,1
18156,13,2,675.64,1
18157,572,1,213.9,0
18158,10,2,453.4000000000001,1
18159,302,1,530.1500000000002,0
18160,58,3,1003.8799999999999,1
18161,16,6,1803.1000000000004,2
18162,733,1,371.51,0
18163,585,1,683.44,0
18164,38,1,399.65000000000003,1
18165,178,1,302.46000000000004,1
18166,624,1,175.5,0
18167,24,3,1298.1599999999999,1
18168,177,16,3379.5499999999997,2
18169,61,1,202.65000000000003,1
18170,34,9,2878.0,2
18171,59,9,2437.31,2
18172,15,52,17427.44,2
18173,87,5,2696.3599999999997,2
18174,8,2,162.5,1
18175,676,1,176.09999999999997,0
18176,359,1,454.84999999999997,0
18177,32,9,2189.0699999999997,2
18178,129,11,6086.740000000002,2
18179,10,8,2547.55,2
18180,5,6,1843.7500000000002,2
18181,25,5,1166.61,1
18182,464,1,291.13,0
18183,228,2,632.07,1
18184,16,1,49.8,1
18185,250,1,304.25,0
18186,723,1,329.58,0
18187,632,1,709.9400000000003,0
18188,16,6,3265.74,2
18189,78,3,1403.73,1
18190,193,5,745.62,1
18191,262,2,529.4,1
18192,72,1,957.9699999999999,1
18193,166,3,1207.3500000000001,1
18194,83,6,4084.2000000000003,2
18195,388,1,101.16,0
18196,96,4,1457.1900000000003,1
18197,576,1,230.1,0
18198,5,17,5425.560000000001,2
18199,684,1,344.75,0
18200,107,1,150.35,1
18201,723,1,447.53,0
18202,200,3,1396.9899999999998,1
18203,158,4,492.52,1
18204,72,3,1960.9499999999996,1
18205,37,2,517.3599999999999,1
18206,554,1,314.65999999999997,0
18207,500,1,515.3199999999999,0
18208,566,1,360.08,0
18209,29,1,139.10000000000002,1
18210,2,7,2768.83,2
18211,26,5,600.07,1
18212,327,2,514.37,0
18213,237,1,232.48000000000002,0
18214,531,4,1770.3899999999996,0
18215,90,5,2232.4900000000002,1
18216,32,1,481.75,1
18217,30,4,945.0400000000001,1
18218,212,4,1096.04,1
18219,3,17,3302.7,2
18220,227,6,1921.7600000000002,2
18221,23,6,1378.64,1
18222,93,1,443.0,1
18223,5,26,13912.55,2
18224,264,1,158.95000000000002,0
18225,4,26,12986.75,2
18226,45,26,11835.379999999997,2
18227,218,1,93.75,0
18228,57,2,779.9,1
18229,12,28,10150.509999999998,2
18230,10,9,4291.06,2
18231,193,28,6823.469999999999,2
18232,82,4,592.97,1
18233,326,1,440.0,0
18234,552,1,179.6,0
18235,72,3,1796.4800000000007,1
18236,30,12,1795.35,2
18237,3,5,987.0999999999998,1
18238,516,1,270.9200000000001,0
18239,219,6,1712.2600000000002,1
18240,47,1,422.58000000000004,1
18241,10,21,2954.0900000000006,2
18242,73,8,3605.21,2
18243,415,1,515.7800000000001,0
18244,431,2,568.64,0
18245,8,20,6309.68,2
18246,24,3,758.8199999999999,1
18247,415,3,790.73,0
18248,123,2,804.02,1
18249,18,1,95.34,1
18250,311,1,349.27000000000004,0
18251,88,9,26278.859999999997,2
18252,51,7,1533.69,2
18253,643,1,317.88,0
18254,582,1,267.9,0
18255,90,2,303.15,1
18256,388,1,84.9,0
18257,40,11,4549.75,2
18258,465,6,2049.72,0
18259,25,7,3941.9,2
18260,173,23,9904.309999999998,2
18261,44,2,324.24,1
18262,141,3,577.54,1
18263,26,3,1213.16,1
18264,499,1,603.25,0
18265,73,2,801.5100000000001,1
18266,435,1,251.09999999999997,0
18267,673,1,269.36999999999995,0
18268,135,6,1464.7300000000002,1
18269,367,1,138.89999999999998,0
18270,39,3,406.29999999999995,1
18271,610,2,680.8499999999999,0
18272,3,9,4366.079999999999,2
18273,3,4,357.0,1
18275,579,2,741.8500000000001,0
18276,44,6,1641.6699999999998,2
18277,59,5,1167.3000000000002,1
18278,74,2,414.2,1
18279,520,1,231.33999999999997,0
18280,278,2,488.15,1
18281,181,2,201.14,1
18282,8,2,178.05,1
18283,4,22,2664.9,2
18284,432,1,411.68000000000006,0
18285,661,1,427.0,0
18286,477,2,1296.4300000000005,0
18287,43,7,4182.99,2
